baker_first_name,baker_full_name,baker_age,baker_occupation,hometown,series,episode,technical,result,signature_bake,show_stopper
Ali,Ali Imdad,25,Charity worker,"Saltley, Birmingham",4,1,11,IN,Rose and Pistachio Cake,"Chocolate, Raspberry and Passion Fruit Engagement Cake"
Ali,Ali Imdad,25,Charity worker,"Saltley, Birmingham",4,2,9,IN,Italian Grissini,Sweet and Savoury Yin Yang Bread
Ali,Ali Imdad,25,Charity worker,"Saltley, Birmingham",4,3,5,IN,"Coconut, Raspberry and Lemon Meringue Trifle",Vanilla Latte Mini CakesLime & Mint Shortbread Pops
Ali,Ali Imdad,25,Charity worker,"Saltley, Birmingham",4,4,8,OUT,Apple and Ginger Pie with a Pecan and Walnut Shortcrust Pastry,"Orange, Cardamom and Date M'Hanncha"
Alice,Alice Fevronia,28,Geography teacher,Essex,10,1,5,IN,NA,NA
Alice,Alice Fevronia,28,Geography teacher,Essex,10,2,1,STAR BAKER,NA,NA
Alice,Alice Fevronia,28,Geography teacher,Essex,10,3,7,IN,NA,NA
Alice,Alice Fevronia,28,Geography teacher,Essex,10,4,8,IN,NA,NA
Alice,Alice Fevronia,28,Geography teacher,Essex,10,5,6,IN,NA,NA
Alice,Alice Fevronia,28,Geography teacher,Essex,10,6,1,IN,NA,NA
Alice,Alice Fevronia,28,Geography teacher,Essex,10,7,6,IN,NA,NA
Alice,Alice Fevronia,28,Geography teacher,Essex,10,8,3,IN,NA,NA
Alice,Alice Fevronia,28,Geography teacher,Essex,10,9,4,STAR BAKER,NA,NA
Alice,Alice Fevronia,28,Geography teacher,Essex,10,10,2,Runner-up,NA,NA
Alvin,Alvin Magallanes,37,Nurse,"Bracknell, Berkshire",6,1,2,IN,Orange Vanilla and Fig Madeira Cake,Black Forest Gâteau
Alvin,Alvin Magallanes,37,Nurse,"Bracknell, Berkshire",6,2,6,IN,"Jackfruit, Pistachio and Macadamia Biscotti",Gingerbread Box filled with Brandy Snaps
Alvin,Alvin Magallanes,37,Nurse,"Bracknell, Berkshire",6,3,4,IN,"Prosciutto, Manchego and Balsamic Onion Soda Breads",Cornucopia
Alvin,Alvin Magallanes,37,Nurse,"Bracknell, Berkshire",6,4,9,IN,Blackberry Crème Brûlées,Tower of Fruits Cheesecakes
Alvin,Alvin Magallanes,37,Nurse,"Bracknell, Berkshire",6,5,8,IN,Pineapple Upside Down Cake,"Buko Pandan, Mango and Passion Fruit Ice Cream Roll"
Alvin,Alvin Magallanes,37,Nurse,"Bracknell, Berkshire",6,6,6,OUT,Plum Frangipane Tart,Smoked Salmon En Croûte and Vermouth Chicken à la King Vol-au-vents
Amelia,Amelia LeBruin,24,Fashion designer,Halifax,10,1,4,IN,NA,NA
Amelia,Amelia LeBruin,24,Fashion designer,Halifax,10,2,9,IN,NA,NA
Amelia,Amelia LeBruin,24,Fashion designer,Halifax,10,3,11,OUT,NA,NA
Andrew,Andrew Smyth,25,Aerospace engineer,"Derby / Holywood, County Down",7,1,12,IN,Lemon and Rosemary Drizzle Cake,'Ultimate Indulgence' Mirror Glaze Cake
Andrew,Andrew Smyth,25,Aerospace engineer,"Derby / Holywood, County Down",7,2,4,IN,Beehive Biscuits,Punting in Cambridge
Andrew,Andrew Smyth,25,Aerospace engineer,"Derby / Holywood, County Down",7,3,2,IN,Chocolate Barmbrack Bread,Braided Harvest Bread Basket
Andrew,Andrew Smyth,25,Aerospace engineer,"Derby / Holywood, County Down",7,4,4,IN,Yorkshire 'Tapas' Puddings,Churros Window Box
Andrew,Andrew Smyth,25,Aerospace engineer,"Derby / Holywood, County Down",7,5,6,IN,Mum and Dad's Breakfast Pastries,Spicy Chorizo Squash Parcels and Baklava Bites
Andrew,Andrew Smyth,25,Aerospace engineer,"Derby / Holywood, County Down",7,6,6,IN,Tangy Lime and Ginger Meringue Pie,Spring Elderflower Trio
Andrew,Andrew Smyth,25,Aerospace engineer,"Derby / Holywood, County Down",7,7,1,STAR BAKER,Tropical Holiday Roulade,Childhood Ice Cream Mousse Cakes
Andrew,Andrew Smyth,25,Aerospace engineer,"Derby / Holywood, County Down",7,8,2,IN,Da Vinci Inspired Geared Pies,Jousting Knights Marchpane
Andrew,Andrew Smyth,25,Aerospace engineer,"Derby / Holywood, County Down",7,9,2,STAR BAKER,Cheesy Elephant Ears and Herby Treble Clefs,Philharmonic Fondants
Andrew,Andrew Smyth,25,Aerospace engineer,"Derby / Holywood, County Down",7,10,1,Runner-up,Crunchy Caramel Cassis Crown,Family and Friends' Favourites Picnic
Annetha,Annetha Mills,30,Midwife,Essex,1,1,2,IN,Light Jamaican Black Cakewith Strawberries and Cream,"Red, White & Blue Chocolate Cake with Cigarellos, Fresh Fruit, and Cream"
Annetha,Annetha Mills,30,Midwife,Essex,1,2,7,OUT,Rose Petal Shortbread,Pink Swirl Macarons / Eclairs
Antony,Antony Amourdoux,30,Banker,London,9,1,12,IN,NA,NA
Antony,Antony Amourdoux,30,Banker,London,9,2,9,IN,NA,NA
Antony,Antony Amourdoux,30,Banker,London,9,3,8,OUT,NA,NA
Beca,Beca Lyne-Pirkis,31,Military Wives' Choir Singer,"Aldershot, Hampshire",4,1,8,IN,Grapefruit Sandwich Cake,Chocolate Cherry Indulgence
Beca,Beca Lyne-Pirkis,31,Military Wives' Choir Singer,"Aldershot, Hampshire",4,2,11,IN,Fennel and Chilli Breadsticks,Five Strand Christmas Wreath
Beca,Beca Lyne-Pirkis,31,Military Wives' Choir Singer,"Aldershot, Hampshire",4,3,10,IN,Orange and Ginger Trifle,Limoncello and Blueberry BurstsMillionaire Shortbread
Beca,Beca Lyne-Pirkis,31,Military Wives' Choir Singer,"Aldershot, Hampshire",4,4,2,IN,Mamgu's Cherry-Apple Tart,Moroccan Vegetable Filo Feast
Beca,Beca Lyne-Pirkis,31,Military Wives' Choir Singer,"Aldershot, Hampshire",4,5,5,IN,"Chocolate, Cherry and Hazelnut Brownies",Tiered Macaron and Sugar Dough Biscuit Centrepiece
Beca,Beca Lyne-Pirkis,31,Military Wives' Choir Singer,"Aldershot, Hampshire",4,6,6,IN,Bara Brith,Chocolate and Rum-Soaked Prune BriochesCardamom Spiced Lemon Iced Buns
Beca,Beca Lyne-Pirkis,31,Military Wives' Choir Singer,"Aldershot, Hampshire",4,7,1,IN,Spring Lamb and Vegetable Suet Puddingwith Redcurrant Gravy,Nectarine and Frangipane SquaresChocolate and Hazelnut Vol-au-ventsStrawberries and Cream Mille-feuille
Beca,Beca Lyne-Pirkis,31,Military Wives' Choir Singer,"Aldershot, Hampshire",4,8,4,IN,"Potato, Spelt and Rosemary Focaccia",Spiced Butternut Squash and Pecan 'Cheese' Cake
Beca,Beca Lyne-Pirkis,31,Military Wives' Choir Singer,"Aldershot, Hampshire",4,9,3,OUT,Stilton and Walnut MacaronsBeetroot and Salmon Choux PuffsWelsh Rarebit Tartlets,Banoffee Opera Cake
Ben,Ben Frazer,31,Graphic Designer,Northampton,2,1,2,IN,Rhubarb and Custard CupcakesAfter Dinner Cupcakes,Vanilla Sponge with White Chocolate and Raspberry Buttercream
Ben,Ben Frazer,31,Graphic Designer,Northampton,2,2,1,IN,"Chorizo, Pepper and Gruyere Quiche",Lemon Meringue Tarts
Ben,Ben Frazer,31,Graphic Designer,Northampton,2,3,3,IN,"Walnut, Raisin and Rosemary Loaf",NA
Ben,Ben Frazer,31,Graphic Designer,Northampton,2,4,5,OUT,Stem Ginger Nuts,Chocolate and Almond MacaronsPine Nut MacaronsPistachio Macarons
Benjamina,Benjamina Ebuehi,23,Teaching assistant,South London,7,1,6,IN,"Pistachio, Cardamom and Lemon Drizzle Cake",White Chocolate Mirror Glaze with Salted Praline Buttercream
Benjamina,Benjamina Ebuehi,23,Teaching assistant,South London,7,2,3,IN,Bouquet Biscuits,"New York, New York"
Benjamina,Benjamina Ebuehi,23,Teaching assistant,South London,7,3,6,IN,"Chocolate, Tahini and Almond Babka",Braided Bread Heart
Benjamina,Benjamina Ebuehi,23,Teaching assistant,South London,7,4,1,STAR BAKER,"Red Onion Chutney, Brie and Bacon Yorkshire Puddings",Tropical Churros
Benjamina,Benjamina Ebuehi,23,Teaching assistant,South London,7,5,5,IN,'Good Morning America' Swirls and Peanut Butter and Banana Pinwheels,Plantain and Spinach Samosas and Chai Pear Cups
Benjamina,Benjamina Ebuehi,23,Teaching assistant,South London,7,6,2,IN,Grapefruit and Ginger Meringue Pie,Floral Tea Cake
Benjamina,Benjamina Ebuehi,23,Teaching assistant,South London,7,7,3,IN,Piña Colada Roulade,Apple Crumble Mousse Cake and Chocolate Coffee Mousse Cake
Benjamina,Benjamina Ebuehi,23,Teaching assistant,South London,7,8,4,OUT,Mexican Adventure,Tudor Garden
Brendan,Brendan Lynch,63,Recruitment consultant,Sutton Coldfield,3,1,10,IN,"Plum, Sour Cherry & Walnut",NA
Brendan,Brendan Lynch,63,Recruitment consultant,Sutton Coldfield,3,2,4,IN,Middle Eastern Taboon BreadIndian Rotis,"Chocolate and Vanilla Bagels
Cumin and Gruyere Bagels"
Brendan,Brendan Lynch,63,Recruitment consultant,Sutton Coldfield,3,3,9,IN,Apple and Ginger Tarte Tatin,"Blackberry, Nectarine and Dragon Fruit Tart"
Brendan,Brendan Lynch,63,Recruitment consultant,Sutton Coldfield,3,4,1,STAR BAKER,Clementine and Chestnut Torte,"Pear, Chocolate and Hazelnut Dacquoise"
Brendan,Brendan Lynch,63,Recruitment consultant,Sutton Coldfield,3,5,3,IN,Salmon Coulibiac in a Scandinavian Pastry,All American Chiffon Pie
Brendan,Brendan Lynch,63,Recruitment consultant,Sutton Coldfield,3,6,1,STAR BAKER,"Rhubarb, Strawberry and Ginger Puddings
Sticky Toffee Puddings","Spinach, Cheese and Walnut Strudel"
Brendan,Brendan Lynch,63,Recruitment consultant,Sutton Coldfield,3,7,4,IN,Chelsea Bunskis,Black Forest Christmas Stollen
Brendan,Brendan Lynch,63,Recruitment consultant,Sutton Coldfield,3,8,2,IN,Multi-Seed Savoury Crackers,Fantasy Gingerbread Bird House
Brendan,Brendan Lynch,63,Recruitment consultant,Sutton Coldfield,3,9,3,IN,Coffee Meringue and Hazelnut CreamsApricot and Pistachio FriandsLime Curd Choux Pastry Cygnets,Gateau St. Honoré
Brendan,Brendan Lynch,63,Recruitment consultant,Sutton Coldfield,3,10,2,Runner-up,Potato and Pepper Pithivier,Family Reunion Chiffon Cake
Briony,Briony Williams,33,Full-time parent,Bristol,9,1,2,IN,NA,NA
Briony,Briony Williams,33,Full-time parent,Bristol,9,2,5,IN,NA,NA
Briony,Briony Williams,33,Full-time parent,Bristol,9,3,9,IN,NA,NA
Briony,Briony Williams,33,Full-time parent,Bristol,9,4,5,IN,NA,NA
Briony,Briony Williams,33,Full-time parent,Bristol,9,5,6,IN,NA,NA
Briony,Briony Williams,33,Full-time parent,Bristol,9,6,1,STAR BAKER,NA,NA
Briony,Briony Williams,33,Full-time parent,Bristol,9,7,5,IN,NA,NA
Briony,Briony Williams,33,Full-time parent,Bristol,9,8,1,IN,NA,NA
Briony,Briony Williams,33,Full-time parent,Bristol,9,9,3,OUT,NA,NA
Candice,Candice Brown,31,PE teacher,"Barton-Le-Clay, Bedfordshire",7,1,5,IN,Raspberry and Rhubarb Drizzle Custard Bundt Cake,"Mirror Mirror On The Wall, Who Is The Shiniest Cake Of Them All?"
Candice,Candice Brown,31,PE teacher,"Barton-Le-Clay, Bedfordshire",7,2,8,STAR BAKER,"Salted Caramel, Chocolate Iced Shiny Hearts",Gingerbread Pub with Sticky Ginger Carpet
Candice,Candice Brown,31,PE teacher,"Barton-Le-Clay, Bedfordshire",7,3,3,IN,"Chocolate, Salted Caramel & Pecan Brittle Brioche Loaf",Italian Light and Dark Rye Twist
Candice,Candice Brown,31,PE teacher,"Barton-Le-Clay, Bedfordshire",7,4,2,IN,Yorkshire Wellingtons,Two-Way Peanut Butter Churros
Candice,Candice Brown,31,PE teacher,"Barton-Le-Clay, Bedfordshire",7,5,2,STAR BAKER,"Danish Pastry Croque Monsieur Kites and Cinnamon Apple, Vanilla Crème Rose Danish","Sausage, Black Pudding and Apple Rounds and Banoffee Whiskey Cups"
Candice,Candice Brown,31,PE teacher,"Barton-Le-Clay, Bedfordshire",7,6,5,IN,"Lime, Coconut and Lemongrass Sugar Meringue Pie",Four Seasons Cake
Candice,Candice Brown,31,PE teacher,"Barton-Le-Clay, Bedfordshire",7,7,2,IN,Crowd Pleaser Roulade,Blackberry and Raspberry Bubbles and After Dinner Mousse
Candice,Candice Brown,31,PE teacher,"Barton-Le-Clay, Bedfordshire",7,8,1,STAR BAKER,Cheesy Cheeky Fish Pies,Peacock
Candice,Candice Brown,31,PE teacher,"Barton-Le-Clay, Bedfordshire",7,9,3,IN,"Red Onion, Cambozola and Walnut Palmiers and Mushroom, Streaky Bacon, and Parmesan Palmiers",Chocolate Praline Fondant Fancies and Cherry Bakewell Fondant Fancies
Candice,Candice Brown,31,PE teacher,"Barton-Le-Clay, Bedfordshire",7,10,2,WINNER,Queen Victoria's Mango and Strawberry Crown,Picnic for Pearly Kings and Queens
Cathryn,Cathryn Dresser,27,Shop assistant,"Pease Pottage, West Sussex",3,1,5,IN,"Apple, Hazelnut and Calvados",Hidden Cupcake Cake
Cathryn,Cathryn Dresser,27,Shop assistant,"Pease Pottage, West Sussex",3,2,8,IN,"Spiced Mango NaanLime, Coriander and Chilli Tortillas","Cranberry and Orange Bagels
Chipotle, Chili, and Smoked Cheddar Bagels"
Cathryn,Cathryn Dresser,27,Shop assistant,"Pease Pottage, West Sussex",3,3,3,IN,"Plum, Cherry and Five Spice Tarte Tatin","Raspberry, Pistachio and Lemon Tart"
Cathryn,Cathryn Dresser,27,Shop assistant,"Pease Pottage, West Sussex",3,4,3,IN,"White Chocolate, Macadamia and Coffee Torte","Gooseberry, Almond and Honey Meringue"
Cathryn,Cathryn Dresser,27,Shop assistant,"Pease Pottage, West Sussex",3,5,1,IN,Full English Wellington,Chocolate and Peanut Butter Pumpkin Pie
Cathryn,Cathryn Dresser,27,Shop assistant,"Pease Pottage, West Sussex",3,6,3,IN,"Chocolate Walnut Whip Puddings
Elderflower Sponges",Roasted Vegetable Couscous and Sheep Cheese Strudel
Cathryn,Cathryn Dresser,27,Shop assistant,"Pease Pottage, West Sussex",3,7,5,IN,Lady Arundel's Manchet Buns,Bonfire Night Tear 'n' Share Brioche
Cathryn,Cathryn Dresser,27,Shop assistant,"Pease Pottage, West Sussex",3,8,5,OUT,Cheese and Pickle Crackers,Gingerbread Buckingham Palace
Chetna,Chetna Makan,35,Fashion Designer,"Broadstairs, Kent",5,1,3,IN,"Cardamom, Pistachio and Coffee Swiss Roll",Tiered Victoria Sponges with Lemon Curd and Raspberry Cream
Chetna,Chetna Makan,35,Fashion Designer,"Broadstairs, Kent",5,2,8,IN,Fenugreek and Carom Crackers,Day On The Beach
Chetna,Chetna Makan,35,Fashion Designer,"Broadstairs, Kent",5,3,8,IN,Onion and Pine Nut Rolls,Rolled and Filled Twin Loaf
Chetna,Chetna Makan,35,Fashion Designer,"Broadstairs, Kent",5,4,3,IN,"Rhubarb, Strawberry and Orange Puddings","Mango, Raspberry and Coconut Baked Alaska"
Chetna,Chetna Makan,35,Fashion Designer,"Broadstairs, Kent",5,5,2,IN,Rice Custard Tart with Mangoes and Raspberries,Fusion Tiered Pies
Chetna,Chetna Makan,35,Fashion Designer,"Broadstairs, Kent",5,6,2,STAR BAKER,Orange Savarin with Cinnamon Cream,Almond Liqueur Dobos Torte with Chocolate Caramel Buttercream
Chetna,Chetna Makan,35,Fashion Designer,"Broadstairs, Kent",5,7,6,IN,Crispy Lentil Kachori,Chocolate and Mango & Lemon Meringue Éclairs
Chetna,Chetna Makan,35,Fashion Designer,"Broadstairs, Kent",5,8,1,IN,Date and Walnut Swirl Bread,Chocolate Mousse Filled DoughnutsBraided Doughnuts
Chetna,Chetna Makan,35,Fashion Designer,"Broadstairs, Kent",5,9,4,OUT,Chocolate Orange Baklava Masala Chai Baklava,"Chocolate, Orange & Nut EntremetsCappuccino Entremets"
Chris,Chris Geiger,50,Software developer,Bristol,8,1,12,IN,Tropical Fresh Fruit Cake,'Raised Pork Pie and Egg Surprise' Cake
Chris,Chris Geiger,50,Software developer,Bristol,8,2,11,OUT,Chocolate Chia Seed Biscuits with Whisky Caramel Filling,'The Great British Sail Off' Game
Christine,Christine Wallace,66,Director of an engraving company,"Didcot, Oxfordshire",4,1,3,IN,"Strawberry, Vanilla and Rosewater Summer Basket",Chocolate and Orange 'Fripperous' Hat Cake
Christine,Christine Wallace,66,Director of an engraving company,"Didcot, Oxfordshire",4,2,4,IN,Mediterranean Breadsticks with Oregano,Double Plaited Loaf
Christine,Christine Wallace,66,Director of an engraving company,"Didcot, Oxfordshire",4,3,4,STAR BAKER,Caribbean Pina Colada Trifle,Ninety-NinersSachertorte Parcels
Christine,Christine Wallace,66,Director of an engraving company,"Didcot, Oxfordshire",4,4,7,IN,"Granny Rogers' Apple, Plum & Cinnamon Country Pie",Roasted Vegetable Filo Pie with Feta Cheese
Christine,Christine Wallace,66,Director of an engraving company,"Didcot, Oxfordshire",4,5,1,STAR BAKER,Mixed Berry and Almond Crumble Traybake,Shortbread Bavarian Clock Tower
Christine,Christine Wallace,66,Director of an engraving company,"Didcot, Oxfordshire",4,6,4,IN,Oxford Nutty Fruit Loaf,Schnecken BunsVanilla Custard Skolebrød
Christine,Christine Wallace,66,Director of an engraving company,"Didcot, Oxfordshire",4,7,6,IN,Spotted Dick 'With a Kick'and Vanilla Custard Ice Cream,Eccles CakesFresh Fruit BasketsLemon Cream Eton Mess Mille-feuille
Christine,Christine Wallace,66,Director of an engraving company,"Didcot, Oxfordshire",4,8,5,OUT,"Multi-Seeded Loaf with Pumpkin, Sesame and Sunflower Seeds",Sweet Potato Guitar with Passion Fruit Icing and Marshmallow Fondant
Claire,Claire Goodwin,31,Speech Therapist,"Ashton upon Mersey, Trafford",5,1,8,OUT,Chocolatey Orangey Swirly Roll,Mini Chocolate and Cherry Cakes
Dan,Dan Beasley-Harling,36,Full-time parent,London,9,1,4,IN,NA,NA
Dan,Dan Beasley-Harling,36,Full-time parent,London,9,2,3,IN,NA,NA
Dan,Dan Beasley-Harling,36,Full-time parent,London,9,3,6,IN,NA,NA
Dan,Dan Beasley-Harling,36,Full-time parent,London,9,4,1,STAR BAKER,NA,NA
Dan,Dan Beasley-Harling,36,Full-time parent,London,9,5,2,IN,NA,NA
Dan,Dan Beasley-Harling,36,Full-time parent,London,9,6,6,OUT,NA,NA
Dan,Dan Chambers,32,Support worker,Rotherham,10,1,9,OUT,NA,NA
Danny,Danny Bryden,45,Intensive care consultant,Sheffield,3,1,7,IN,"Plum, Ginger & Orange",NA
Danny,Danny Bryden,45,Intensive care consultant,Sheffield,3,2,3,IN,Lime Coriander and Coconut TortillasZaatar Naan with Dukkah,NA
Danny,Danny Bryden,45,Intensive care consultant,Sheffield,3,3,2,IN,Savoury Pear and Roquefort Tarte Tatin,"Pineapple, Coconut and Frangipane Tart"
Danny,Danny Bryden,45,Intensive care consultant,Sheffield,3,4,2,IN,"Blackberry, White Chocolate, Lemon and Elderflower Torte","'Monte Bianco' Chestnut, Chocolate and Coffee Dacquoise"
Danny,Danny Bryden,45,Intensive care consultant,Sheffield,3,5,7,IN,"Chickpea, Spinach & Mushroom Wellington",Trick or Treat Pumpkin Pie
Danny,Danny Bryden,45,Intensive care consultant,Sheffield,3,6,2,IN,Banoffee Puddings with Walnut Butterscotch SauceJubilee Chocolate Fondants,"Leek, Potato, Pistachio and Gruyère Strudel"
Danny,Danny Bryden,45,Intensive care consultant,Sheffield,3,7,2,STAR BAKER,Bakewell Chelsea Buns,European Christmas Wreath
Danny,Danny Bryden,45,Intensive care consultant,Sheffield,3,8,4,IN,Spiced Almond Drinks Crackers,Gingerbread Big Ben
Danny,Danny Bryden,45,Intensive care consultant,Sheffield,3,9,4,OUT,Blackberry and Peppermint MacaroonsMiniature Raspberry and Basil FinanciersOrange and White Chocolate Langues de Chat,Rosewater and Lychee St. Honoré
David,David Chambers,31,Entrepreneur,Milton Keynes,1,1,3,IN,Chocolate Orange Cake,"Black Forest Floor Gateauxwith Moulded Chocolate Leaves, Fallen Fruitand Chocolate Mushrooms Moulded from eggs"
David,David Chambers,31,Entrepreneur,Milton Keynes,1,2,8,IN,Cheddar Cheese and Fresh Rosemary Biscuits,Choux Pastry Swans  Chocolate Profiteroles
David,David Chambers,31,Entrepreneur,Milton Keynes,1,3,4,IN,Chilli Bread,"Walnut and Seed Roll
Red Berry and Almond Bun"
David,David Chambers,31,Entrepreneur,Milton Keynes,1,4,5,OUT,Pear and Walnut Pudding,"Apple and Blackberry Crumble, Rhubarb and Orange Betty, Suet Pear"
David,David Atherton,36,International health adviser,Whitby,10,1,10,IN,NA,NA
David,David Atherton,36,International health adviser,Whitby,10,2,2,IN,NA,NA
David,David Atherton,36,International health adviser,Whitby,10,3,2,IN,NA,NA
David,David Atherton,36,International health adviser,Whitby,10,4,2,IN,NA,NA
David,David Atherton,36,International health adviser,Whitby,10,5,9,IN,NA,NA
David,David Atherton,36,International health adviser,Whitby,10,6,2,IN,NA,NA
David,David Atherton,36,International health adviser,Whitby,10,7,2,IN,NA,NA
David,David Atherton,36,International health adviser,Whitby,10,8,1,IN,NA,NA
David,David Atherton,36,International health adviser,Whitby,10,9,2,IN,NA,NA
David,David Atherton,36,International health adviser,Whitby,10,10,1,WINNER,NA,NA
Deborah,Deborah Manger,51,Dentist,Peterborough,4,1,9,IN,Pineapple Cake,'Coffee Time'
Deborah,Deborah Manger,51,Dentist,Peterborough,4,2,8,IN,Fennel & Chilli Breadsticks,Walnut Fleur Loaf
Deborah,Deborah Manger,51,Dentist,Peterborough,4,3,9,OUT,Tropical Trifle*,Canelé Cherry and Chocolate CakesRose Cookies
Diana,Diana Beard,69,Women's Institute (WI) Judge,"Alkington, Shropshire",5,1,5,IN,Mum's Sunday Tea Lemon Curd Swiss Roll,Chocolate Ganache Surprises
Diana,Diana Beard,69,Women's Institute (WI) Judge,"Alkington, Shropshire",5,2,7,IN,Parmesan Triangles,"Express, First Class"
Diana,Diana Beard,69,Women's Institute (WI) Judge,"Alkington, Shropshire",5,3,7,IN,Rustic Picnic Rolls,Sharing Savoury Pinwheel
Diana,Diana Beard,69,Women's Institute (WI) Judge,"Alkington, Shropshire",5,4,9,IN,Orange and Lemon Curd Pots,Raspberry Ripple Alaska Swan
Diana,Diana Beard,69,Women's Institute (WI) Judge,"Alkington, Shropshire",5,5,NA,WD,NA,NA
Diana,Diana Beard,69,Women's Institute (WI) Judge,"Alkington, Shropshire",5,6,NA,IN,NA,NA
Diana,Diana Beard,69,Women's Institute (WI) Judge,"Alkington, Shropshire",5,7,NA,IN,NA,NA
Diana,Diana Beard,69,Women's Institute (WI) Judge,"Alkington, Shropshire",5,8,NA,IN,NA,NA
Diana,Diana Beard,69,Women's Institute (WI) Judge,"Alkington, Shropshire",5,9,NA,IN,NA,NA
Diana,Diana Beard,69,Women's Institute (WI) Judge,"Alkington, Shropshire",5,10,NA,IN,NA,NA
Dorret,Dorret Conway,53,Accountant,"Penwortham, Lancashire",6,1,5,IN,Madeira Cake with Candied Lemons,Enchanted Forest Gâteau
Dorret,Dorret Conway,53,Accountant,"Penwortham, Lancashire",6,2,1,IN,Almond and Apricot Biscotti with Amber Sugar Crystals,Box of Frogs
Dorret,Dorret Conway,53,Accountant,"Penwortham, Lancashire",6,3,6,OUT,Walnut and Stilton Soda Breads,Unmade Bread
Edd,Edd Kimber,24,Debt collector for Yorkshire Bank,Bradford,1,1,1,IN,Caramel Cinnamon and Banana Cake,NA
Edd,Edd Kimber,24,Debt collector for Yorkshire Bank,Bradford,1,2,6,IN,Oatmeal Raisin Cookie,Pink Macarons
Edd,Edd Kimber,24,Debt collector for Yorkshire Bank,Bradford,1,3,1,IN,Olive Bread,Tomato and Mozzarella
Edd,Edd Kimber,24,Debt collector for Yorkshire Bank,Bradford,1,4,3,IN,Apple and Plum Pudding,"Apple and Cinnamon Crumble, Nutella Banana Brioche Bread Pudding, Rhubarb and Strawberry Suet Layer"
Edd,Edd Kimber,24,Debt collector for Yorkshire Bank,Bradford,1,5,2,IN,"Chicken, Ham, Leek and Tarragon Pie","Almond Sweet Pastry with Ginger and Chocolate  Raspberry Tart / Yorkshire Curd Tart  Chickpea and Salami, Red and Yellow Pepper, Asparagus Gruyere Quiche Canapés"
Edd,Edd Kimber,24,Debt collector for Yorkshire Bank,Bradford,1,6,NA,WINNER,Cinnamon and Banana Cake,NA
Enwezor,Enwezor Nzegwu,39,Business Consultant,"Portsmouth, Hampshire",5,1,9,IN,Raspberry and Lemon Swiss Roll,Coffee and Walnut Battenberg Squares
Enwezor,Enwezor Nzegwu,39,Business Consultant,"Portsmouth, Hampshire",5,2,9,OUT,Pumpkin and Sunflower Savoury Biscuits,Space Adventure Moon Scene
Flo,Flo Atkins,71,Retired,Merseyside,8,1,9,IN,Citrus Layer Cake,'One in a Melon' Cake
Flo,Flo Atkins,71,Retired,Merseyside,8,2,10,IN,Gin Jam Butties,'Pick My Bones' Game
Flo,Flo Atkins,71,Retired,Merseyside,8,3,7,OUT,Cinnamon and Orange Teacakes,'Davy Jones' Locker' Bread Sculpture
Flora,Flora Shedden,19,Art gallery assistant,"Dunkeld, Perth and Kinross",6,1,6,IN,Blood Orange Madeira Cake,Black Forest Gâteau
Flora,Flora Shedden,19,Art gallery assistant,"Dunkeld, Perth and Kinross",6,2,2,IN,Wedding Biscotti,Honey and Earl Grey Tea Box
Flora,Flora Shedden,19,Art gallery assistant,"Dunkeld, Perth and Kinross",6,3,2,IN,Fig and Hazelnut Rye Breads,Herb Couture
Flora,Flora Shedden,19,Art gallery assistant,"Dunkeld, Perth and Kinross",6,4,3,IN,Rhubarb and Ginger Crème Brûlées,Elderflower and Granola Cheesecakes
Flora,Flora Shedden,19,Art gallery assistant,"Dunkeld, Perth and Kinross",6,5,3,IN,"Pistachio, Apple and Cardamom Madeleine Cake",Chocolate and Pear Bûche
Flora,Flora Shedden,19,Art gallery assistant,"Dunkeld, Perth and Kinross",6,6,2,IN,Apricot and Rosemary Frangipane Tart,Asparagus and Parma Ham and Praline and Chocolate Vol-au-vents
Flora,Flora Shedden,19,Art gallery assistant,"Dunkeld, Perth and Kinross",6,7,4,IN,Game Pie with Shallot and Apple Chutney,"Raspberry, Pomegranate and Champagne Charlotte Russe"
Flora,Flora Shedden,19,Art gallery assistant,"Dunkeld, Perth and Kinross",6,8,3,IN,Peach & Lemon Thyme and Smoked Almond & Butterscotch Cream Horns,Lime & Basil and Coconut & White Chocolate Religieuse à l'ancienne
Flora,Flora Shedden,19,Art gallery assistant,"Dunkeld, Perth and Kinross",6,9,1,OUT,Passion Fruit and Chocolate Tart,Cocoa Carousel
Frances,Frances Quinn,31,Children's Clothes Designer,"Market Harborough, Leicestershire",4,1,7,IN,Giant Jam Sandwich,Secret Squirrel Cake
Frances,Frances Quinn,31,Children's Clothes Designer,"Market Harborough, Leicestershire",4,2,2,IN,Giant Matchsticks,Sailor's Knot
Frances,Frances Quinn,31,Children's Clothes Designer,"Market Harborough, Leicestershire",4,3,8,IN,Apple and Blackberry Crumble Trifle,'Ballet Bites' Ginger NutcrackersSugar Plum Fairy Cakes
Frances,Frances Quinn,31,Children's Clothes Designer,"Market Harborough, Leicestershire",4,4,1,IN,Peach Pie In the Sky,Cherry Tree Baklava Filo Pie
Frances,Frances Quinn,31,Children's Clothes Designer,"Market Harborough, Leicestershire",4,5,3,IN,Millionaire Banoffee Bonus,Biscuit Buttons and Beads
Frances,Frances Quinn,31,Children's Clothes Designer,"Market Harborough, Leicestershire",4,6,2,IN,Chai Tea Loaf,Hot Cross BriochesRhubarb and Custard Kolaches
Frances,Frances Quinn,31,Children's Clothes Designer,"Market Harborough, Leicestershire",4,7,5,STAR BAKER,Figgy Roll-y Poly Puddingwith Caramelised Walnut and Honey Ice-Cream,French Framboise Cream HornsSheet Music Mille-feuilleBass Clef Palmiers
Frances,Frances Quinn,31,Children's Clothes Designer,"Market Harborough, Leicestershire",4,8,3,IN,'Chelsea Flour Show' Bun Bouquet,"Hidden Carrot Cake (Ground Praline, Beetroot and Walnut)"
Frances,Frances Quinn,31,Children's Clothes Designer,"Market Harborough, Leicestershire",4,9,2,IN,"Legume Canapés:
Chantenay CarrotsChoux Pastry TomatoesCauliflower Cheese Scones",Great British Soap Opera Cake
Frances,Frances Quinn,31,Children's Clothes Designer,"Market Harborough, Leicestershire",4,10,3,WINNER,Rainbow Picnic Pie,Midsummer Night's Dream Wedding Cake
Glenn,Glenn Cosby,37,English Teacher,"Teignmouth, Devon",4,1,4,IN,Strawberries and Cream Cake,Almond and Espresso Chocolate Cake
Glenn,Glenn Cosby,37,English Teacher,"Teignmouth, Devon",4,2,7,IN,Rosemary and Parmesan Grissini,Harvest Crown
Glenn,Glenn Cosby,37,English Teacher,"Teignmouth, Devon",4,3,1,IN,Raspberry and Almond Trifle,Billionaire BouchéesOrange Financiers
Glenn,Glenn Cosby,37,English Teacher,"Teignmouth, Devon",4,4,9,IN,Apple & Maple Syrup Pie,Spanakopita (Walnut and Feta Cheese)
Glenn,Glenn Cosby,37,English Teacher,"Teignmouth, Devon",4,5,2,IN,Apricot and Pistachio Tiffin,Shortbread and Macaron Helter-Skelter
Glenn,Glenn Cosby,37,English Teacher,"Teignmouth, Devon",4,6,5,IN,Devonshire Panettone,Almond and Apricot BriochesSticky Caramel Kanelbullen
Glenn,Glenn Cosby,37,English Teacher,"Teignmouth, Devon",4,7,3,OUT,Prune and Armagnac Puddingwith Boozy Butterscotch Sauce,Caramelised Apple and Marzipan TartletsChocolate Elephant EarsPassion Fruit Mille-feuille
Helena,Helena Garcia,40,Online project manager,Leeds,10,1,12,IN,NA,NA
Helena,Helena Garcia,40,Online project manager,Leeds,10,2,12,IN,NA,NA
Helena,Helena Garcia,40,Online project manager,Leeds,10,3,8,IN,NA,NA
Helena,Helena Garcia,40,Online project manager,Leeds,10,4,9,IN,NA,NA
Helena,Helena Garcia,40,Online project manager,Leeds,10,5,1,OUT,NA,NA
Henry,Henry Bird,20,Student,Durham,10,1,1,IN,NA,NA
Henry,Henry Bird,20,Student,Durham,10,2,6,IN,NA,NA
Henry,Henry Bird,20,Student,Durham,10,3,1,IN,NA,NA
Henry,Henry Bird,20,Student,Durham,10,4,3,IN,NA,NA
Henry,Henry Bird,20,Student,Durham,10,5,3,IN,NA,NA
Henry,Henry Bird,20,Student,Durham,10,6,4,IN,NA,NA
Henry,Henry Bird,20,Student,Durham,10,7,3,STAR BAKER,NA,NA
Henry,Henry Bird,20,Student,Durham,10,8,5,OUT,NA,NA
Holly,Holly Bell,31,Advertising executive,Leicester,2,1,1,STAR BAKER,Cherry Bakewell Inspired CupcakesGinger Cupcakes with Fig Truffle,NA
Holly,Holly Bell,31,Advertising executive,Leicester,2,2,4,IN,Pesto Quiche,Milk Chocolate and Pistachio TartsTrifle Tarts
Holly,Holly Bell,31,Advertising executive,Leicester,2,3,6,IN,Picnic Loaf,Stilton and Walnut Rolls
Holly,Holly Bell,31,Advertising executive,Leicester,2,4,3,STAR BAKER,Strawberry and Custard Melts,"'Chocolate bars of my youth'
(Caramel Macarons, Mint Chocolate Macarons and Chocolate Orange Macarons)"
Holly,Holly Bell,31,Advertising executive,Leicester,2,5,4,IN,"Stilton, Potato and Caramelised Onion Pie",Lime Meringue Pie
Holly,Holly Bell,31,Advertising executive,Leicester,2,6,3,IN,Father Christmas' Baked Cheesecake,Hansel and Gretel's Croquembouche
Holly,Holly Bell,31,Advertising executive,Leicester,2,7,1,IN,"White Chocolate, Hazelnut and Raspberry Genoise Mousse Cake","Apricot, Macadamia and White Chocolate PinwheelsAlmond CroissantsApple, Raisin and Cinnamon Plaits"
Holly,Holly Bell,31,Advertising executive,Leicester,2,8,2,Runner-up,Banoffee Inspired Mille Feuille,Strawberry and Cream Meringue NestGooseberry and Elderflower 'Bakewell' TartsNeapolitan Ice-Cream Sandwich
Howard,Howard Middleton,51,Council Worker,Sheffield,4,1,6,IN,Passion Fruit and Coconut Cake,Black Forest Revisited
Howard,Howard Middleton,51,Council Worker,Sheffield,4,2,10,IN,Moroccan Breadsticks,Picasso Sun Bread
Howard,Howard Middleton,51,Council Worker,Sheffield,4,3,7,IN,Caramel and Apple Trifle*,Black Coffee and Cardamom CakesWhite Stilton and Pear Biscuits
Howard,Howard Middleton,51,Council Worker,Sheffield,4,4,5,IN,Apple Pie with Sage Pastry,Fresh Fig and Feta Filo Flan
Howard,Howard Middleton,51,Council Worker,Sheffield,4,5,8,IN,Breakfast Traybake,Japanese Pagoda Tea Tower
Howard,Howard Middleton,51,Council Worker,Sheffield,4,6,7,OUT,Date & Hemp Yorkshire Loaf,Peachy BunsGerman Baumschnecken
Iain,Iain Watters,31,Construction Engineer,London/Belfast,5,1,4,IN,Apricot and Basil Swiss Roll with Mascarpone and White Chocolate Cream,"Lemon Drizzle Cakes with Mascarpone Filling, Drizzled Icing, and Candied Lemon"
Iain,Iain Watters,31,Construction Engineer,London/Belfast,5,2,11,IN,Za'atar and Fig Biscuits,Wild West Scene
Iain,Iain Watters,31,Construction Engineer,London/Belfast,5,3,9,IN,Cranberry and Walnut Rye Bread Rolls,Moroccan Plaited with a Bessara Dip
Iain,Iain Watters,31,Construction Engineer,London/Belfast,5,4,6,OUT,"Chocolate, Lime and Raspberry Fondants","Chocolate, Black Sesame Seed and Coffee Caramel Baked Alaska (not presented)"
Ian,Ian Cumming,41,Travel photographer,"Great Wilbraham, Cambridgeshire",6,1,8,IN,Somewhere West of Madeira Cake,Black Forest Cherry Tree
Ian,Ian Cumming,41,Travel photographer,"Great Wilbraham, Cambridgeshire",6,2,3,STAR BAKER,"Orange, Rosemary and Almond Biscotti",Sandwich de la Confiture
Ian,Ian Cumming,41,Travel photographer,"Great Wilbraham, Cambridgeshire",6,3,1,STAR BAKER,Wild Garlic Pesto Soda Breads,Flour Power
Ian,Ian Cumming,41,Travel photographer,"Great Wilbraham, Cambridgeshire",6,4,4,STAR BAKER,Pomegranate Two Ways Crème Brûlées,Trio of Spicy and Herby Baked Cheesecakes
Ian,Ian Cumming,41,Travel photographer,"Great Wilbraham, Cambridgeshire",6,5,5,IN,Honey and Flowers Cake,Dessert Island
Ian,Ian Cumming,41,Travel photographer,"Great Wilbraham, Cambridgeshire",6,6,3,IN,Pear and Raspberry Frangipane Tart,vol-au-vents Terre et Mer
Ian,Ian Cumming,41,Travel photographer,"Great Wilbraham, Cambridgeshire",6,7,5,IN,Roadkill Pie,Victoria's Crown Charlotte Russe
Ian,Ian Cumming,41,Travel photographer,"Great Wilbraham, Cambridgeshire",6,8,2,IN,Mont Blanc & Black Forest Gâteau Horns,Nun with Hidden Passions
Ian,Ian Cumming,41,Travel photographer,"Great Wilbraham, Cambridgeshire",6,9,3,IN,Chocolate and Bay Tart,Chocolate Well
Ian,Ian Cumming,41,Travel photographer,"Great Wilbraham, Cambridgeshire",6,10,2,Runner-up,Elderflower and Lemon & Spiced Buns,Colossal Curvy Carrot Cake
Ian,Ian Vallance,40,Fundraiser for English Heritage,"Dunstable, Bedfordshire",2,1,10,IN,Apple and Cinnamon Cupcakes,NA
Ian,Ian Vallance,40,Fundraiser for English Heritage,"Dunstable, Bedfordshire",2,2,2,IN,"Stilton, Spinach and New Potato Quichewith Paprika and Walnut Pastry",NA
Ian,Ian Vallance,40,Fundraiser for English Heritage,"Dunstable, Bedfordshire",2,3,10,OUT,"Courgette, Caerphilly Cheese and Thyme Loaf",Walnut and Raisin RollsCracked Wheat Logs
Imelda,Imelda McCarron,33,Countryside recreation officer,County Tyrone,9,1,11,OUT,NA,NA
James,James Hillery,46,Banker,"Brentwood, Essex",8,1,2,IN,"Orange, Rhubarb & Ginger Crumble Cake",'Mock-accino and Croissant' Cake
James,James Hillery,46,Banker,"Brentwood, Essex",8,2,3,IN,Rhubarb and Custard Whirls,'Coppit' Game
James,James Hillery,46,Banker,"Brentwood, Essex",8,3,9,IN,Nordic Teacakes,'Owl in the Woods' Bread Sculpture
James,James Hillery,46,Banker,"Brentwood, Essex",8,4,2,IN,'Windy City' Millionaire Shortbreads,Nutty Caramel Cake
James,James Hillery,46,Banker,"Brentwood, Essex",8,5,7,OUT,Orange and Ginger Steamed School Pudding,'The Missed Silver Jubilee' Trifle Terrine
James,James Morton,21,Medical student,"Hillswick, Shetland Islands",3,1,2,IN,"Parsnip, Pear, and Pecan","""Simmer Dim"" Sunset Cake"
James,James Morton,21,Medical student,"Hillswick, Shetland Islands",3,2,2,IN,"Tomato, Garlic, and Parmesan FlatbreadsTattie Scones","Orange, Mint and Chocolate Bagels
'Millers' Sourdough Bagels"
James,James Morton,21,Medical student,"Hillswick, Shetland Islands",3,3,1,STAR BAKER,Apple and Lavender Tarte Tatin,"Rose, Lychee and Raspberry Fruit Tart"
James,James Morton,21,Medical student,"Hillswick, Shetland Islands",3,4,5,IN,"Hazelnut, Chocolate and Passionfruit Torte","Fig, Chestnut, Cherry and Chocolate Layered Meringue"
James,James Morton,21,Medical student,"Hillswick, Shetland Islands",3,5,6,IN,Four Pig Wellington,Sweet Potato Pie
James,James Morton,21,Medical student,"Hillswick, Shetland Islands",3,6,7,IN,Banana and Clove PuddingsClootie Dumplings,"Strawberry, Rhubarb and Ginger Strudel"
James,James Morton,21,Medical student,"Hillswick, Shetland Islands",3,7,1,IN,Easter Chelsea Buns,Whisky Kugelhopf-Brioche Baba
James,James Morton,21,Medical student,"Hillswick, Shetland Islands",3,8,1,STAR BAKER,"Smoky Cayenne, Cumin and Chilli Crackers",Gingerbread Barn
James,James Morton,21,Medical student,"Hillswick, Shetland Islands",3,9,1,STAR BAKER,"Lemon and Rhubarb TartletsChocolate Indulgence Petits FoursChilli, Lime and Raspberry Macaroons","Coffee, Caramel and Hazelnut Paris-Brest"
James,James Morton,21,Medical student,"Hillswick, Shetland Islands",3,10,1,Runner-up,Spanish Pithivier with Chorizo and Red Pepper,United Chiffon Cakes
Jamie,Jamie Finn,20,Part-time waiter,Surrey,10,1,13,IN,NA,NA
Jamie,Jamie Finn,20,Part-time waiter,Surrey,10,2,11,OUT,NA,NA
Jane,Jane Beedle,61,Garden designer,Beckenham,7,1,7,STAR BAKER,Lemon and Poppy Seed Drizzle Cake,Chocolate Orange Mirror Cake
Jane,Jane Beedle,61,Garden designer,Beckenham,7,2,2,IN,Flower Pot Iced Biscuits,Hastings Old Town Fishing Net Shops and Boat
Jane,Jane Beedle,61,Garden designer,Beckenham,7,3,9,IN,Chocolate and Cranberry Couronne,Chorizo and Chilli Flower with Parmesan and Pesto Centre
Jane,Jane Beedle,61,Garden designer,Beckenham,7,4,3,IN,Meat and Two Veg Yorkshires,Pistachio and White Chocolate Churros
Jane,Jane Beedle,61,Garden designer,Beckenham,7,5,1,IN,"Orange Pain au Raisins, Raspberry, Chocolate and Almond Danish","Roquefort, Fig and Walnut Parcels and Cherry and Chocolate Cones"
Jane,Jane Beedle,61,Garden designer,Beckenham,7,6,4,IN,Lime and Coconut Meringue Pie,Three Tier Orange Cake with a Floral Chocolate Collar
Jane,Jane Beedle,61,Garden designer,Beckenham,7,7,4,IN,Chocolate and Hazelnut Roulade,"Chocolate, Coffee, and Vanilla Joconde Cakes and Blackcurrant and Vanilla Ombre Mousses"
Jane,Jane Beedle,61,Garden designer,Beckenham,7,8,5,IN,Tudor Rose Pies,Swans
Jane,Jane Beedle,61,Garden designer,Beckenham,7,9,1,IN,"Pesto and Sundried Tomato Palmiers and Goats Cheese, Olive and Parma Ham Palmiers",Pistachio and Raspberry Fondant Fancies and Lemon Curd Surprise Fondant Fancies
Jane,Jane Beedle,61,Garden designer,Beckenham,7,10,3,Runner-up,"Red, White and Blue Meringue Crown",Family Favourites Feast
Janet,Janet Basu,63,Teacher of Modern Languages,"Formby, Liverpool",2,1,8,IN,Raspberry and Cream Cupcakes,Chocolate Marble Cakewith Dark and White Chocolate Truffles
Janet,Janet Basu,63,Teacher of Modern Languages,"Formby, Liverpool",2,2,8,IN,Quiche Printanière,Red Fruit TartsChocolate and Cherry Tarts
Janet,Janet Basu,63,Teacher of Modern Languages,"Formby, Liverpool",2,3,8,IN,Zupfe Loaf with Gruyère Cheese,Apple and Walnut Granary Rolls Red Onion Cottage Rolls
Janet,Janet Basu,63,Teacher of Modern Languages,"Formby, Liverpool",2,4,4,IN,Christmas Marzipan Biscuits,"Raspberry Macarons
Blackcurrant Macarons
Almond Macarons"
Janet,Janet Basu,63,Teacher of Modern Languages,"Formby, Liverpool",2,5,1,STAR BAKER,Chicken and Chestnut Pie,Rhubarb Meringue Pie
Janet,Janet Basu,63,Teacher of Modern Languages,"Formby, Liverpool",2,6,5,IN,Rhubarb and Ginger Baked Cheesecake,Orange and Nougatine Croquembouche
Janet,Janet Basu,63,Teacher of Modern Languages,"Formby, Liverpool",2,7,4,OUT,Chocolate Amaretto Mousse Cake,Pain Aux RaisinPlain CroissantPain Au Chocolat
Jasminder,Jasminder Randhawa,45,Assistant Credit Control Manager,Birmingham,1,1,NA,IN,Fresh Mango and Passion Fruit Hummingbird Cake,NA
Jasminder,Jasminder Randhawa,45,Assistant Credit Control Manager,Birmingham,1,2,2,IN,Millionaires' Shortbread,Meringues with Chocolate and Space DustCoffee flavoured Eclairs
Jasminder,Jasminder Randhawa,45,Assistant Credit Control Manager,Birmingham,1,3,5,IN,Focaccia,"Mango and Sultana Buns
Pan au Chocolat with Mars Bars
Tutti Frutti Wheel with Jelly Tots"
Jasminder,Jasminder Randhawa,45,Assistant Credit Control Manager,Birmingham,1,4,2,IN,Sticky Toffee Pudding with Tropical Fruit & Toffee Sauce,"Bread & Butter Pudding, Treacle Suet Pudding with Fresh Fruit, Apple and Pineapple Crumble"
Jasminder,Jasminder Randhawa,45,Assistant Credit Control Manager,Birmingham,1,5,4,OUT,Chicken and Mushroom Pie,"Jaggery, Carrot, and Spiced Condensed Milk Tart  Fruit and Custard Tart  Thai Chili Red Onion, Duck in Plum Sauce, Salmon and Prawn Canapés"
Jason,Jason White,19,Civil Engineering Student,Croydon,2,1,6,IN,Lemon Meringue CupcakesApple and Cinnamon Cupcakes,NA
Jason,Jason White,19,Civil Engineering Student,Croydon,2,2,3,STAR BAKER,Salmon and Pak Choi Quiche,Mint Chocolate Tarts Blueberry Bakewell Tarts
Jason,Jason White,19,Civil Engineering Student,Croydon,2,3,7,IN,Cheese and Onion Tear and Share Loaf,NA
Jason,Jason White,19,Civil Engineering Student,Croydon,2,4,1,STAR BAKER,Lebkuchen,"Mocktail Macarons
(Mojito, Cranberry Cooler, and Pina Colada)"
Jason,Jason White,19,Civil Engineering Student,Croydon,2,5,7,OUT,Brown Down Chicken Pie,Plum Meringue Pie
Jo,Jo Wheatley,41,Housewife,"Ongar, Essex",2,1,NA,NA,Chocolate Orange CupcakesOrange and Cardamom Cupcakes,Chocolate and Strawberry Cake
Jo,Jo Wheatley,41,Housewife,"Ongar, Essex",2,2,NA,NA,"Caramelised Onion, Gruyere and Thyme Quiche",Raspberry and Mascarpone Tarts with Lemon and Almond PastryHoney and Almond Tarts with Sweetcrust
Jo,Jo Wheatley,41,Housewife,"Ongar, Essex",2,3,NA,NA,"Stromboli flavored with Mozzarella, Ham, and Picante Pepper",NA
Jo,Jo Wheatley,41,Housewife,"Ongar, Essex",2,4,NA,NA,Lavender Biscuits,Blueberry MacaronsCoconut MacaronsStrawberry Macarons
Jo,Jo Wheatley,41,Housewife,"Ongar, Essex",2,5,NA,NA,Salmon and Asparagus Pie,Apple and Raspberry Meringue Pie
Jo,Jo Wheatley,41,Housewife,"Ongar, Essex",2,6,NA,NA,Rum and Raisin Baked Cheesecake,Limoncello and White Chocolate Croquembouche
Jo,Jo Wheatley,41,Housewife,"Ongar, Essex",2,7,NA,NA,Raspberry & Strawberry Mousse Cake,Pain Aux RaisinChocolate TwistsBanana and Raisin Pastries
Jo,Jo Wheatley,41,Housewife,"Ongar, Essex",2,8,NA,NA,Raspberry and Blueberry Mille Feuille,"Mini Victoria SandwichesRaspberry, White Chocolate and Pistachio Mini MeringuesMini Banoffee Pie with Banana Mousse"
Joanne,NA,NA,NA,NA,2,1,11,IN,NA,NA
Joanne,NA,NA,NA,NA,2,2,10,IN,NA,NA
Joanne,NA,NA,NA,NA,2,3,1,IN,NA,NA
Joanne,NA,NA,NA,NA,2,4,8,IN,NA,NA
Joanne,NA,NA,NA,NA,2,5,6,IN,NA,NA
Joanne,NA,NA,NA,NA,2,6,1,STAR BAKER,NA,NA
Joanne,NA,NA,NA,NA,2,7,3,IN,NA,NA
Joanne,NA,NA,NA,NA,2,8,1,WINNER,NA,NA
John,John Whaite,22,Law student,Wigan,3,1,11,IN,"Toffee Apple, Orange & Cranberry",Hidden Pink Hearts Cake
John,John Whaite,22,Law student,Wigan,3,2,1,STAR BAKER,"Coriander and Chilli RotisGarlic, Pomegranate and Potato Pitas","Fig, Walnut and Gruyere Bagels
Blueberry and White Chocolate Bagels"
John,John Whaite,22,Law student,Wigan,3,3,6,IN,Apple and Vanilla Tarte Tatin with Walnut Praline,"Berries, Grapes, Pomegranate, and Dragon Fruit Tart"
John,John Whaite,22,Law student,Wigan,3,4,6,IN,'Torte Noir' Black Forest Torte with Boozy Cream,Elderflower and Bramble Berry Pavlova
John,John Whaite,22,Law student,Wigan,3,5,2,IN,Venison and Haggis Wellington,Star-Spangled Pecan Pie
John,John Whaite,22,Law student,Wigan,3,6,5,IN,Spicy Toffee PuddingsRaspberry and White Chocolate Puddings,Did not complete due to injury
John,John Whaite,22,Law student,Wigan,3,7,3,IN,Cherry and Almond Saffron Buns,Marzipan Stollen
John,John Whaite,22,Law student,Wigan,3,8,3,IN,Asian Spice Crackers,Gingerbread Roman Coliseum
John,John Whaite,22,Law student,Wigan,3,9,2,IN,Lemon MadeleinesWhite Chocolate and Raspberry TartletsDark Chocolate and Cherry Macaroons,Gateau St. Honoré a la Passion
John,John Whaite,22,Law student,Wigan,3,10,2,WINNER,Italian Sausage and Roasted Vegetable Pithivier,Heaven and Hell Chiffon Cake
Jon,Jon Jenkins,47,Blood courier,Newport,9,1,5,IN,NA,NA
Jon,Jon Jenkins,47,Blood courier,Newport,9,2,1,IN,NA,NA
Jon,Jon Jenkins,47,Blood courier,Newport,9,3,2,IN,NA,NA
Jon,Jon Jenkins,47,Blood courier,Newport,9,4,3,IN,NA,NA
Jon,Jon Jenkins,47,Blood courier,Newport,9,5,7,IN,NA,NA
Jon,Jon Jenkins,47,Blood courier,Newport,9,6,2,IN,NA,NA
Jon,Jon Jenkins,47,Blood courier,Newport,9,7,4,OUT,NA,NA
Jonathan,Jonathan Shepherd,25,Research Analyst,St Albans,1,1,9,IN,Carrot Cake with Lime and Cream Cheese Icing,Three Tiered White and Dark Chocolate with Almond and Cherry
Jonathan,Jonathan Shepherd,25,Research Analyst,St Albans,1,2,1,IN,Honey and Candied Ginger Cookies,Meringues with Whiskey Cream
Jonathan,Jonathan Shepherd,25,Research Analyst,St Albans,1,3,6,OUT,"Anchovy, Sweet Paprika and Oregano Bread","Sticky Lemon Honey Bun
Olive and Anchovy Roll
Sundried Tomatoes and Fresh Herbs Roll
Stilton, Walnut and Apple Roll
Cinnamon and Cardamom Chelsea Bun"
Jordan,Jordan Cox,32,IT Manager,"Sneinton, Nottingham",5,1,12,IN,Kawaii Frasier Swiss Roll,Lemon Drizzle Cakes with Blueberry and Lemon Curd
Jordan,Jordan Cox,32,IT Manager,"Sneinton, Nottingham",5,2,6,IN,"Sourdough, Parmesan and Chilli Biscuits",Monster Attack
Jordan,Jordan Cox,32,IT Manager,"Sneinton, Nottingham",5,3,10,OUT,Rye and Spelt Bread Rolls,Strawberry Raspberry Cheesecake Brioche
Julia,Julia Chernogorova,21,Aviation Broker,"Crawley, West Sussex",8,1,3,IN,Courgette and Lemon Cake,'Russian Doll' Cake
Julia,Julia Chernogorova,21,Aviation Broker,"Crawley, West Sussex",8,2,4,IN,Middle Eastern Delight Sandwich Biscuits,'A British Baking' Game
Julia,Julia Chernogorova,21,Aviation Broker,"Crawley, West Sussex",8,3,2,STAR BAKER,Earl Grey Dried Fruit Teacakes,'The Snail Under a Mushroom' Bread Sculpture
Julia,Julia Chernogorova,21,Aviation Broker,"Crawley, West Sussex",8,4,9,IN,Pecan Salted Caramel Millionaire Shortbreads,Poppy Seed Caramel Cake
Julia,Julia Chernogorova,21,Aviation Broker,"Crawley, West Sussex",8,5,3,IN,Orange & Treacle Steamed School Pudding,'Opulent Ornament' Trifle Terrine
Julia,Julia Chernogorova,21,Aviation Broker,"Crawley, West Sussex",8,6,7,OUT,'Pies from the Tree' Decorative Pies,'Special Occasion' Pie
Karen,Karen Wright,60,In-store sampling assistant,Wakefield,9,1,6,IN,NA,NA
Karen,Karen Wright,60,In-store sampling assistant,Wakefield,9,2,11,IN,NA,NA
Karen,Karen Wright,60,In-store sampling assistant,Wakefield,9,3,5,IN,NA,NA
Karen,Karen Wright,60,In-store sampling assistant,Wakefield,9,4,7,IN,NA,NA
Karen,Karen Wright,60,In-store sampling assistant,Wakefield,9,5,9,OUT,NA,NA
Kate,Kate Barmby,37,Nurse,"Brooke, Norfolk",7,1,4,IN,Berry Best Apple and Bramble Drizzle Cake,One Swallow Does Not Make A Summer Cake
Kate,Kate Barmby,37,Nurse,"Brooke, Norfolk",7,2,1,IN,"""A Biscuit for the Broads""","""I Promise I will do my best"""
Kate,Kate Barmby,37,Nurse,"Brooke, Norfolk",7,3,8,IN,Cobbled Loaf,The Corn Maiden
Kate,Kate Barmby,37,Nurse,"Brooke, Norfolk",7,4,7,OUT,Christmas Dinner Compromise,Hot Cross Bunny Churros
Kate,Kate Henry,41,Furniture Restorer,"Brighton, East Sussex",5,1,6,IN,Red Velvet and White Chocolate Swiss Roll,Mini Tiered Victoria Sponges
Kate,Kate Henry,41,Furniture Restorer,"Brighton, East Sussex",5,2,4,IN,Parmesan and Apple Biscuits,Tea Time
Kate,Kate Henry,41,Furniture Restorer,"Brighton, East Sussex",5,3,1,IN,Orange and Cardamom Rye Bread Knots,"Prosciutto, Olive and Coriander Bread"
Kate,Kate Henry,41,Furniture Restorer,"Brighton, East Sussex",5,4,7,IN,Chocolate and Salted Caramel Molten Puddings,"Pistachio, Raspberry and Chocolate Baked Alaska"
Kate,Kate Henry,41,Furniture Restorer,"Brighton, East Sussex",5,5,3,STAR BAKER,Rhubarb and Custard Tart,"Rhubarb, Prune and Apple Pies"
Kate,Kate Henry,41,Furniture Restorer,"Brighton, East Sussex",5,6,6,IN,"Pecan, Chocolate and Sour Cherry Yeast Cake",Trio of Dobos Tortes
Kate,Kate Henry,41,Furniture Restorer,"Brighton, East Sussex",5,7,4,OUT,Spinach and Paneer Spicy Samosa,Neapolitan & Lemon Meringue Éclairs
Kate,Kate Lyon,29,Health and safety inspector,Merseyside,8,1,1,IN,Moroccan Strawberry and Rose Cake,'Chocolate Terrarium' Cake
Kate,Kate Lyon,29,Health and safety inspector,Merseyside,8,2,8,IN,Coconut Seashells for a Titanic Afternoon Tea,'Jungle' Game
Kate,Kate Lyon,29,Health and safety inspector,Merseyside,8,3,10,IN,Blueberry Buns,'Kraken' Bread Sculpture
Kate,Kate Lyon,29,Health and safety inspector,Merseyside,8,4,6,STAR BAKER,Salted Bay Caramel Millionaire Shortbreads,Sticky Toffee Apple Caramel Cake
Kate,Kate Lyon,29,Health and safety inspector,Merseyside,8,5,8,IN,'Mr Darcy's Steamy Lake Scene' Steamed School Pudding,'My Great Great Nan's' Raspberry Trifle Terrine
Kate,Kate Lyon,29,Health and safety inspector,Merseyside,8,6,5,IN,'Vegetarian Pie Faces' Decorative Pies,Potato Curry Pie with Mango & Chilli Glaze
Kate,Kate Lyon,29,Health and safety inspector,Merseyside,8,7,6,IN,'Happy Hour' Cocktail Cannoli,'Flavour Fusion' Sfogliatelle
Kate,Kate Lyon,29,Health and safety inspector,Merseyside,8,8,2,IN,Burrito Bedfordshire Clangers,'Liver Building Turret' Savoy Cake
Kate,Kate Lyon,29,Health and safety inspector,Merseyside,8,9,4,IN,Bellini and Valencian Orange Choux Buns,'Rainbow' Meringue Centrepiece
Kate,Kate Lyon,29,Health and safety inspector,Merseyside,8,10,3,Runner-up,"Roman Spelt, Coconut Kala Chana and Flower Breads","White Chocolate, Yuzu and Lychee Entremet"
Keith,Keith Batsford,31,House husband,"Arlesey, Bedfordshire",2,1,12,OUT,Earl Grey Cupcakes,Chocolate and Sour Cream Cake
Kim-Joy,Kim-Joy Hewlett,27,Mental health specialist,Leeds,9,1,10,IN,NA,NA
Kim-Joy,Kim-Joy Hewlett,27,Mental health specialist,Leeds,9,2,4,IN,NA,NA
Kim-Joy,Kim-Joy Hewlett,27,Mental health specialist,Leeds,9,3,10,IN,NA,NA
Kim-Joy,Kim-Joy Hewlett,27,Mental health specialist,Leeds,9,4,6,IN,NA,NA
Kim-Joy,Kim-Joy Hewlett,27,Mental health specialist,Leeds,9,5,4,STAR BAKER,NA,NA
Kim-Joy,Kim-Joy Hewlett,27,Mental health specialist,Leeds,9,6,5,IN,NA,NA
Kim-Joy,Kim-Joy Hewlett,27,Mental health specialist,Leeds,9,7,6,STAR BAKER,NA,NA
Kim-Joy,Kim-Joy Hewlett,27,Mental health specialist,Leeds,9,8,2,IN,NA,NA
Kim-Joy,Kim-Joy Hewlett,27,Mental health specialist,Leeds,9,9,2,IN,NA,NA
Kim-Joy,Kim-Joy Hewlett,27,Mental health specialist,Leeds,9,10,1,Runner-up,NA,NA
Kimberley,Kimberley Wilson,30,Psychologist,London,4,1,10,IN,Blood Orange Cake,"Chocolate, Raspberry & Basil Layer Cake"
Kimberley,Kimberley Wilson,30,Psychologist,London,4,2,1,IN,Nigella Seed and Parmesan Breadsticks,Peace Bread
Kimberley,Kimberley Wilson,30,Psychologist,London,4,3,6,IN,"Peach, Almond and Ginger Trifle",Chocolate Pistachio FinanciersLemon Bergamot Biscuits
Kimberley,Kimberley Wilson,30,Psychologist,London,4,4,4,STAR BAKER,Pecan and Rosemary Caramel Apple Pie,"Chicken, Bacon and Butternut Squash Pie"
Kimberley,Kimberley Wilson,30,Psychologist,London,4,5,7,IN,Cherry and Almond Bakewell Florentine Slice,Black and White Viennese Biscuit Stack
Kimberley,Kimberley Wilson,30,Psychologist,London,4,6,3,IN,Chai Spiced Ginger and Date Tea Loaf,Double Chocolate and Hazelnut BriochesDanish Kanelsnurrer
Kimberley,Kimberley Wilson,30,Psychologist,London,4,7,4,IN,Barberry and Apple Spotted Dickwith Maple Syrup and White Chocolate Custard,"Pear, Malt and Butterscotch Mille-feuilleBlackberry and Lemon Verbena Crème Brûle Custard TartsFig, Orange and Thyme Galette"
Kimberley,Kimberley Wilson,30,Psychologist,London,4,8,2,IN,Wild Garlic Pesto and Parma Ham Spelt Loaf,Butternut Squash and Spice Cake Toadstool House
Kimberley,Kimberley Wilson,30,Psychologist,London,4,9,1,STAR BAKER,Pea Purée TartsCrab and Wasabi ProfiterolesSteamed Buns with Barbecue Chicken,Passion Fruit and Lime Opera Cake
Kimberley,Kimberley Wilson,30,Psychologist,London,4,10,1,Runner-up,Chicken and Pig Pie,Languages of Love Wedding Cake
Lea,Lea Harris,51,Retired,"Midlothian, Scotland",1,1,10,OUT,Cranberry and Pistachio Cakewith Orange Flower Water Icing,Raspberries and Cream filled Chocolatewith Chocolate-dipped Fresh Fruit
Lee,Lee Banfield,67,Pastor,Bolton,7,1,11,OUT,St. Clements Orange and Lemon Drizzle Cake,Strawberry Surprise Mirror Cake
Liam,Liam Charles,19,Student,North London,8,1,8,IN,Apple and Almond Crumble Maple Loaf,'Stackin' Sunday' Cake
Liam,Liam Charles,19,Student,North London,8,2,7,IN,Coffee Malted Pecan Shorties,'Classroom Classics' Game
Liam,Liam Charles,19,Student,North London,8,3,5,IN,Jamaican Spiced Teacakes,'Kneadapolitan' Bread Sculpture
Liam,Liam Charles,19,Student,North London,8,4,3,IN,Salted Peanut Butter Millionaire Shortbreads,White Layered Ginger Caramel Cake
Liam,Liam Charles,19,Student,North London,8,5,2,IN,Cherries & Lemons that are 'Baked Well','Cheers Lads' Trifle Terrine
Liam,Liam Charles,19,Student,North London,8,6,4,STAR BAKER,'Standard FC' Decorative Pies,'Nan's Sunday Dinner' Pie
Liam,Liam Charles,19,Student,North London,8,7,2,IN,'Just Doing Me' Cannoli,'Morning Delivery' Sfogliatelle
Liam,Liam Charles,19,Student,North London,8,8,5,OUT,'Take Out' Bedfordshire Clangers,'Fort Wizardore' Savoy Cake
Louise,Louise Brimelow,44,Police Officer,Manchester,1,1,NA,IN,Carrot and Orange Cake,"Never Fail Chocolate Sponge Cake,with Fresh Fruit, White & Chocolate Cigarello Border"
Louise,Louise Brimelow,44,Police Officer,Manchester,1,2,4,OUT,Stained Glass Window Shortbread,"Strawberry, Mint, and Cream Meringues  Chocolate Eclairs / Orange, Yellow and Pink Macarons"
Louise,Louise Williams,46,Hairdresser,Cardiff,7,1,9,IN,Orange Liqueur and Lemonade Drizzle Cake,White Chocolate Trifle Mirror Glaze Cake
Louise,Louise Williams,46,Hairdresser,Cardiff,7,2,10,OUT,Baa Bara Brith Biscuits,Gingerbread Wedding
Lucy,Lucy Bellamy,38,Horticulturist,"Grimsby, Lincolnshire",4,1,2,IN,Timperley Early Cake,Thyme 'Wildwood' Cake
Lucy,Lucy Bellamy,38,Horticulturist,"Grimsby, Lincolnshire",4,2,12,OUT,Grissini with Salt,Roast Tomato Bread
Luis,Luis Troyano,42,Graphic Designer,"Poynton, Cheshire",5,1,7,IN,Spanish Swiss Roll,Raspberry and Lemon Genoise Slices with Lemon Drizzles
Luis,Luis Troyano,42,Graphic Designer,"Poynton, Cheshire",5,2,3,IN,Black Olive and Rosemary Biscuits with Caramelised Onion Glaze,George Versus The Dragon
Luis,Luis Troyano,42,Graphic Designer,"Poynton, Cheshire",5,3,2,STAR BAKER,Opposites Attract Rolls,Roscón de Reyes
Luis,Luis Troyano,42,Graphic Designer,"Poynton, Cheshire",5,4,2,IN,Pears in Puddings,Bakewell Alaska
Luis,Luis Troyano,42,Graphic Designer,"Poynton, Cheshire",5,5,6,IN,Tropical Manchester Tart,Four Fruity Seasons Tower
Luis,Luis Troyano,42,Graphic Designer,"Poynton, Cheshire",5,6,3,IN,Apple and Cinnamon Kugelhopf with Honeyed Apples,The Cage on the Rocky Hill
Luis,Luis Troyano,42,Graphic Designer,"Poynton, Cheshire",5,7,5,IN,Childhood Empanadas,"Stars and Stripes Éclairs
(Blueberry Cheesecake & Peanut Butter and Jelly Éclairs)"
Luis,Luis Troyano,42,Graphic Designer,"Poynton, Cheshire",5,8,2,IN,Black Forest Cherry Tree,"Cocktail Doughnuts
(Mudslide & Raspberry Mojito)"
Luis,Luis Troyano,42,Graphic Designer,"Poynton, Cheshire",5,9,1,IN,Indian Rose BaklavaHalwa Baklava Rolls,"Chocolate Mousse & Cherry EntremetsPomegranate, Fig & Pistachio Sponges"
Luis,Luis Troyano,42,Graphic Designer,"Poynton, Cheshire",5,10,2,Runner-up,"Apple, Walnut, Raisin and Cheshire Cheese ChaussonsPain au Chocolat Blanc with Raspberries and Cream Cheese",Village in Chocolate
Luke,Luke Thompson,30,Civil servant/house and techno DJ,Sheffield,9,1,8,IN,NA,NA
Luke,Luke Thompson,30,Civil servant/house and techno DJ,Sheffield,9,2,7,OUT,NA,NA
Manisha,Manisha Parmar,27,Nursery nurse,Leicester,3,1,6,IN,"Vanilla, Peach and Raspberry",White Chocolate Cake with a Red Velvet and White Chocolate Mousse Heart
Manisha,Manisha Parmar,27,Nursery nurse,Leicester,3,2,6,IN,Indian FlatbreadsItalian Flatbreads,NA
Manisha,Manisha Parmar,27,Nursery nurse,Leicester,3,3,10,IN,"Cinnamon, Apple and Pear Tarte Tatin",Rum and Tropical Fruit Tart
Manisha,Manisha Parmar,27,Nursery nurse,Leicester,3,4,9,IN,"Almond, Chocolate and Cherry Torte",Tiramisu Layered Meringue Dessert
Manisha,Manisha Parmar,27,Nursery nurse,Leicester,3,5,5,OUT,Lamb Wellington with Rosemary and Mint,Banana Scotch Pie
Manon,Manon Lagrave,26,Software project manager,London,9,1,3,STAR BAKER,NA,NA
Manon,Manon Lagrave,26,Software project manager,London,9,2,6,IN,NA,NA
Manon,Manon Lagrave,26,Software project manager,London,9,3,3,IN,NA,NA
Manon,Manon Lagrave,26,Software project manager,London,9,4,8,IN,NA,NA
Manon,Manon Lagrave,26,Software project manager,London,9,5,5,IN,NA,NA
Manon,Manon Lagrave,26,Software project manager,London,9,6,4,IN,NA,NA
Manon,Manon Lagrave,26,Software project manager,London,9,7,2,IN,NA,NA
Manon,Manon Lagrave,26,Software project manager,London,9,8,4,OUT,NA,NA
Marie,Marie Campbell,66,Retired,"Auchterarder, Perthshire",6,1,3,STAR BAKER,Zingy Citrus Madeira Cake,A Walk in the Black Forest
Marie,Marie Campbell,66,Retired,"Auchterarder, Perthshire",6,2,11,OUT,Biscotti Italiano,Russian Box
Mark,Mark Onley,37,Carpenter and Kitchen Fitter,Milton Keynes,4,1,5,IN,Lemon and Poppy Seed Cake,Chocolate Monster
Mark,Mark Onley,37,Carpenter and Kitchen Fitter,Milton Keynes,4,2,6,IN,Rosemary & Raisin Breadsticks,Sage & Garlic Plait
Mark,Mark Onley,37,Carpenter and Kitchen Fitter,Milton Keynes,4,3,11,OUT,"Ginger, Mango and Passion Fruit Trifle",Rose and Pistachio MacaroonsChocolate and Raspberry Bites
Mark,Mark Whithers,48,Bus Driver,South Wales,1,1,NA,OUT,Sticky Marmalade Tea Loaf,Heart-shaped Chocolate and Beetroot Cake with Store-Bought silver chocolate hearts and chocolate red and white roses.
Martha,Martha Collison,17,Student,"Ascot, Berkshire",5,1,2,IN,Tiramisu Swiss Roll,Mini Lemon and Thyme Drizzle Cakes
Martha,Martha Collison,17,Student,"Ascot, Berkshire",5,2,5,IN,Caramelised Onion and Goat's Cheese Sandwich Biscuits,Ski Village Scene
Martha,Martha Collison,17,Student,"Ascot, Berkshire",5,3,3,IN,Date and Walnut Rye Rolls,Stuffed Sunflower Loaf
Martha,Martha Collison,17,Student,"Ascot, Berkshire",5,4,1,IN,Peanut Butter Chocolate Fondants,Key Lime Baked Alaska
Martha,Martha Collison,17,Student,"Ascot, Berkshire",5,5,1,IN,"Pistachio, Apricot and Honey Custard Tart",Three Little Pigs Pie
Martha,Martha Collison,17,Student,"Ascot, Berkshire",5,6,4,IN,Dark Chocolate and Almond Liqueur Savarin,Chess-Themed Chocolate and Salted Caramel Dobos Torte
Martha,Martha Collison,17,Student,"Ascot, Berkshire",5,7,3,IN,Mini Beef Wellingtons,Rhubarb and Custard & Maple Syrup and Bacon Éclairs
Martha,Martha Collison,17,Student,"Ascot, Berkshire",5,8,5,OUT,Spiced Plum Iced Bread Swirl,Glazed Lemon & Poppy Seed DoughnutsChocolate & Passion Fruit Doughnuts
Mary-Anne,Mary-Anne Boermans,45,Housewife,"Kidderminster, Worcestershire",2,1,4,IN,Banoffee Cupcakes,Chocolate and Raspberry Opera cake
Mary-Anne,Mary-Anne Boermans,45,Housewife,"Kidderminster, Worcestershire",2,2,9,IN,"Roasted Cauliflower, Cheese andCaramelised Onion Quiche",Butterscotch Brulée Tarts in Pecan PastryApple Rose Tarts
Mary-Anne,Mary-Anne Boermans,45,Housewife,"Kidderminster, Worcestershire",2,3,5,IN,Ploughman's Loaf,Herb and Walnut BreadsChocolate and Chilli Buns
Mary-Anne,Mary-Anne Boermans,45,Housewife,"Kidderminster, Worcestershire",2,4,2,IN,Melting Moments,Blackcurrant and Mint MacaronsGooseberry and Elderflower MacaronsHazelnut Macarons
Mary-Anne,Mary-Anne Boermans,45,Housewife,"Kidderminster, Worcestershire",2,5,2,IN,Chicken and Bacon Pie,Midnight Meringue
Mary-Anne,Mary-Anne Boermans,45,Housewife,"Kidderminster, Worcestershire",2,6,4,IN,Tutti Fruitti Curd Baked Cheesecake,Orange and Praline Croquembouche with Cardamom Caramel
Mary-Anne,Mary-Anne Boermans,45,Housewife,"Kidderminster, Worcestershire",2,7,2,IN,Chocolate and Orange Mousse Cake,Raspberry Rose DanishesPraline SpiralsAlsatian Plaited Danishes
Mary-Anne,Mary-Anne Boermans,45,Housewife,"Kidderminster, Worcestershire",2,8,3,Runner-up,Lemon and Ginger Mille Feuille,Fruit Tarts with Elderflower CustardStrawberry and Rhubarb CheesecakesBlack Fruit Meringue with Everlasting Syllabub
Mat,Mat Riley,37,Fire fighter,London,6,1,7,IN,Gin and Tonic Madeira Cake,Black Forest Gateau
Mat,Mat Riley,37,Fire fighter,London,6,2,5,IN,"Pistachio, Cranberry and White Chocolate Biscotti",Gingerbread Fire Engine
Mat,Mat Riley,37,Fire fighter,London,6,3,8,IN,"Jalapeño, Mexican Cheddar and Smoked Salt Soda Breads",Curry Inspired Brighton Pavilion
Mat,Mat Riley,37,Fire fighter,London,6,4,7,IN,Coconut Crème Brûlées,Chocolate Bar Cheesecakes
Mat,Mat Riley,37,Fire fighter,London,6,5,4,IN,Sugar Free Carrot Cake,Raspberry and Coconut Ice Cream Roll
Mat,Mat Riley,37,Fire fighter,London,6,6,1,STAR BAKER,Piña Colada Frangipane Tart,His 'n' Hers Vol-au-vents
Mat,Mat Riley,37,Fire fighter,London,6,7,6,OUT,Raised Venison and Pigeon Pie,Strawberry Charlotte Russe
Michael,Michael Georgiou,20,Student,Durham,7,1,3,IN,"Lime, Ginger and Honey Drizzle Cake",Matcha Tea Chocolate Mirror Glaze
Michael,Michael Georgiou,20,Student,Durham,7,2,9,IN,"Malt, Chocolate and Orange Iced ""Beer"" Biscuits",Trip to See Santa in Lapland
Michael,Michael Georgiou,20,Student,Durham,7,3,7,OUT,Chocolate and Chilli Swirl Plait,Cypriot Dove and Olive Branch Plaited Loaf with Houmous
Michael,Michael Chakraverty,26,Theatre manager/fitness instructor,Stratford-upon-Avon,10,1,11,IN,NA,NA
Michael,Michael Chakraverty,26,Theatre manager/fitness instructor,Stratford-upon-Avon,10,2,4,IN,NA,NA
Michael,Michael Chakraverty,26,Theatre manager/fitness instructor,Stratford-upon-Avon,10,3,6,STAR BAKER,NA,NA
Michael,Michael Chakraverty,26,Theatre manager/fitness instructor,Stratford-upon-Avon,10,4,7,IN,NA,NA
Michael,Michael Chakraverty,26,Theatre manager/fitness instructor,Stratford-upon-Avon,10,5,8,IN,NA,NA
Michael,Michael Chakraverty,26,Theatre manager/fitness instructor,Stratford-upon-Avon,10,6,6,IN,NA,NA
Michael,Michael Chakraverty,26,Theatre manager/fitness instructor,Stratford-upon-Avon,10,7,5,OUT,NA,NA
Michelle,Michelle Evans-Fecci,35,Print shop administrator,"Tenby, Wales",10,1,6,STAR BAKER,NA,NA
Michelle,Michelle Evans-Fecci,35,Print shop administrator,"Tenby, Wales",10,2,8,IN,NA,NA
Michelle,Michelle Evans-Fecci,35,Print shop administrator,"Tenby, Wales",10,3,5,IN,NA,NA
Michelle,Michelle Evans-Fecci,35,Print shop administrator,"Tenby, Wales",10,4,5,IN,NA,NA
Michelle,Michelle Evans-Fecci,35,Print shop administrator,"Tenby, Wales",10,5,7,OUT,NA,NA
Miranda,Miranda Browne,37,Food buyer for Marks & Spencer,"Midhurst, West Sussex",1,1,8,IN,"Triple Layered Brownie Meringue Cake
with Raspberry Cream",Three Tiered Chocolate Fudge Cake  with Handmade Chocolate Button Decorations
Miranda,Miranda Browne,37,Food buyer for Marks & Spencer,"Midhurst, West Sussex",1,2,3,IN,Fresh Vanilla Biscuits with Royal Icing,Pistachio Macarons
Miranda,Miranda Browne,37,Food buyer for Marks & Spencer,"Midhurst, West Sussex",1,3,3,IN,Walnut and Apricot Bread,"Lemon Iced Buns
Chocolate and Orange Buns"
Miranda,Miranda Browne,37,Food buyer for Marks & Spencer,"Midhurst, West Sussex",1,4,1,IN,Sticky Toffee Pudding,"Queen of Puddings, Chocolate Pear Roly Poly, Strawberry and Rhubarb Crumble"
Miranda,Miranda Browne,37,Food buyer for Marks & Spencer,"Midhurst, West Sussex",1,5,1,IN,"Summery Salmon, Cod and Prawn Fish Pie","Chocolate Pastry filled with Orange Cheesecake  Chocolate Pastry filled with Milk Chocolate Ganche  Strawberry Tart with Red Currant Glaze  Cheesy Crab, Broad Bean and Tomato, Pancetta Risotto Canapés"
Miranda,Miranda Browne,37,Food buyer for Marks & Spencer,"Midhurst, West Sussex",1,6,NA,Runner-up,Lemon Cupcake,Eliminated after signature
Nadiya,Nadiya Hussain,30,Full-time mother,Leeds / Luton,6,1,12,IN,Orange and Green Cardamom Madeira Cake,Quadruple Chocolate Black Forest Gâteau
Nadiya,Nadiya Hussain,30,Full-time mother,Leeds / Luton,6,2,9,IN,"Coconut, Fennel and Pistachio Biscotti",Box of Fortunes
Nadiya,Nadiya Hussain,30,Full-time mother,Leeds / Luton,6,3,9,IN,Mexican Bread with Warm Tomato Salsa,Snake Charmer's Basket
Nadiya,Nadiya Hussain,30,Full-time mother,Leeds / Luton,6,4,8,IN,Cinnamon Tea Crème Brûlées,Fizzy Pop Cheesecakes
Nadiya,Nadiya Hussain,30,Full-time mother,Leeds / Luton,6,5,1,STAR BAKER,Naked Blueberry and Caraway Crunch Cake,Chocolate and Strawberry Lime Ice Cream Roll
Nadiya,Nadiya Hussain,30,Full-time mother,Leeds / Luton,6,6,4,IN,"Bay Leaf, Rong Tea and Pear Tart",Bengali Korma and Clementine with Cod Vol-au-vents
Nadiya,Nadiya Hussain,30,Full-time mother,Leeds / Luton,6,7,1,IN,Aromatic Raised Game Pie,Mango and Raspberry Charlotte Russe
Nadiya,Nadiya Hussain,30,Full-time mother,Leeds / Luton,6,8,1,STAR BAKER,Rose Pistachio and Mocha Hazelnut Horns,Bubble Gum and Peppermint Cream Religieuse à l'ancienne
Nadiya,Nadiya Hussain,30,Full-time mother,Leeds / Luton,6,9,4,STAR BAKER,Peanut Salted Caramel and Chocolate Tart,Peacock in Nan's Door
Nadiya,Nadiya Hussain,30,Full-time mother,Leeds / Luton,6,10,1,WINNER,Cardamom and Almond Buns & Nutmeg and Sour Cherry Fingers,My Big Fat British Wedding Cake
Nancy,Nancy Birtwhistle,60,Retired Practice Manager,"Barton-upon-Humber, Lincolnshire",5,1,1,STAR BAKER,Coffee and Hazelnut Swiss Roll,Jaffa Orange Cakes
Nancy,Nancy Birtwhistle,60,Retired Practice Manager,"Barton-upon-Humber, Lincolnshire",5,2,2,IN,Fennel and Rye Thins,Hansel and Gretel Scene
Nancy,Nancy Birtwhistle,60,Retired Practice Manager,"Barton-upon-Humber, Lincolnshire",5,3,5,IN,Cider and Walnut Crusty Rolls,'Full English' Stromboli
Nancy,Nancy Birtwhistle,60,Retired Practice Manager,"Barton-upon-Humber, Lincolnshire",5,4,4,IN,Pistachio Puddings with Chocolate Sauce,Summer Pudding Alaska
Nancy,Nancy Birtwhistle,60,Retired Practice Manager,"Barton-upon-Humber, Lincolnshire",5,5,4,IN,Chocolate Crusted Passion Fruit Tart,Trio of Apple Pies
Nancy,Nancy Birtwhistle,60,Retired Practice Manager,"Barton-upon-Humber, Lincolnshire",5,6,1,IN,Rum Punch Savarin with Coconut Cream and Tropical Fruits,Chocolate and Caramel Dobos Torte
Nancy,Nancy Birtwhistle,60,Retired Practice Manager,"Barton-upon-Humber, Lincolnshire",5,7,2,IN,Spicy Duck Pasties,Smoked Salmon and Horseradish & Raspberry Ripple Éclairs
Nancy,Nancy Birtwhistle,60,Retired Practice Manager,"Barton-upon-Humber, Lincolnshire",5,8,3,IN,Lincolnshire Plum Braid,"Doughnut Family Tree
(Limoncello and Almond & Milk Chocolate and Orange)"
Nancy,Nancy Birtwhistle,60,Retired Practice Manager,"Barton-upon-Humber, Lincolnshire",5,9,3,IN,Coffee and Chocolate BaklavaBreakfast Baklava,Raspberry NonnettesLime and Passion Fruit Entremets
Nancy,Nancy Birtwhistle,60,Retired Practice Manager,"Barton-upon-Humber, Lincolnshire",5,10,1,WINNER,Apple and Lemon KitesRaspberry and Almond Croissants,Red Windmill
Natasha,Natasha Stringer,36,Midwife,"Tamworth, Staffordshire",3,1,12,OUT,Pineapple & Passion Fruit,Mother's Day Layered Rose Cake
Norman,Norman Calder,66,Retired Naval Officer,"Portknockie, Moray",5,1,11,IN,Black Forest Swiss Roll,Almond and Raspberry Mini Cakes
Norman,Norman Calder,66,Retired Naval Officer,"Portknockie, Moray",5,2,10,IN,Farthing Biscuits,Zulu Boats at Dawn
Norman,Norman Calder,66,Retired Naval Officer,"Portknockie, Moray",5,3,4,IN,Rye Bread Rolls,Chicken and Roasted Vegetable Picnic Loaf
Norman,Norman Calder,66,Retired Naval Officer,"Portknockie, Moray",5,4,8,IN,Mini Sticky Toffee Puddings,Baked Alaska with Strawberry Surprise
Norman,Norman Calder,66,Retired Naval Officer,"Portknockie, Moray",5,5,5,OUT,Tarte au Citron,Pieful Tower
Paul,Paul Jagger,49,Prison governor,"Swansea, Wales",6,1,10,IN,"Lemon, Ginger and Caraway Seed Madeira Cake",Black Forest Chocolate Creation
Paul,Paul Jagger,49,Prison governor,"Swansea, Wales",6,2,10,IN,"Chocolate, Hazelnut and Fig Biscotti",Memory Box
Paul,Paul Jagger,49,Prison governor,"Swansea, Wales",6,3,10,IN,Cranberry and Orange Sweet Soda Breads,King of the Jungle
Paul,Paul Jagger,49,Prison governor,"Swansea, Wales",6,4,1,IN,Almond Crème Brûlées,Berry Cheesecake Tower
Paul,Paul Jagger,49,Prison governor,"Swansea, Wales",6,5,2,IN,Carrot & Pecan Cake,Dessert Island Getaway
Paul,Paul Jagger,49,Prison governor,"Swansea, Wales",6,6,5,IN,Christmas Frangipane Tart,Savoury and Sweet Bouchées
Paul,Paul Jagger,49,Prison governor,"Swansea, Wales",6,7,2,IN,Not a Boaring Pie,Charlotte Rose
Paul,Paul Jagger,49,Prison governor,"Swansea, Wales",6,8,5,OUT,Café Tipple & Banana Crunch-away Horns,Religieuse à l'ancienne
Peter,Peter Abatan,52,IT programme manager,"Southend, Essex",8,1,10,OUT,Coconut Cake,'Bread on a Breadboard' Cake
Peter,Peter Maloney,43,Sales manager,"Windsor, Berkshire",3,1,3,IN,"Pear, Muscat & Chocolate",Jubilee Cake
Peter,Peter Maloney,43,Sales manager,"Windsor, Berkshire",3,2,11,OUT,Fennel and Nigella Seed NaanBannock Bread,"Rosemary and Sea Salt Bagels
Apple and Cinnamon Bagels"
Phil,Phil Thorne,56,HGV driver,Rainham,10,1,8,IN,NA,NA
Phil,Phil Thorne,56,HGV driver,Rainham,10,2,3,IN,NA,NA
Phil,Phil Thorne,56,HGV driver,Rainham,10,3,10,IN,NA,NA
Phil,Phil Thorne,56,HGV driver,Rainham,10,4,6,OUT,NA,NA
Priya,Priya O'Shea,34,Marketing consultant,Leicester,10,1,7,IN,NA,NA
Priya,Priya O'Shea,34,Marketing consultant,Leicester,10,2,7,IN,NA,NA
Priya,Priya O'Shea,34,Marketing consultant,Leicester,10,3,4,IN,NA,NA
Priya,Priya O'Shea,34,Marketing consultant,Leicester,10,4,10,IN,NA,NA
Priya,Priya O'Shea,34,Marketing consultant,Leicester,10,5,2,IN,NA,NA
Priya,Priya O'Shea,34,Marketing consultant,Leicester,10,6,7,OUT,NA,NA
Rahul,Rahul Mandal,30,Research scientist,Rotherham,9,1,7,IN,NA,NA
Rahul,Rahul Mandal,30,Research scientist,Rotherham,9,2,2,STAR BAKER,NA,NA
Rahul,Rahul Mandal,30,Research scientist,Rotherham,9,3,4,STAR BAKER,NA,NA
Rahul,Rahul Mandal,30,Research scientist,Rotherham,9,4,4,IN,NA,NA
Rahul,Rahul Mandal,30,Research scientist,Rotherham,9,5,3,IN,NA,NA
Rahul,Rahul Mandal,30,Research scientist,Rotherham,9,6,3,IN,NA,NA
Rahul,Rahul Mandal,30,Research scientist,Rotherham,9,7,1,IN,NA,NA
Rahul,Rahul Mandal,30,Research scientist,Rotherham,9,8,5,IN,NA,NA
Rahul,Rahul Mandal,30,Research scientist,Rotherham,9,9,4,IN,NA,NA
Rahul,Rahul Mandal,30,Research scientist,Rotherham,9,10,2,WINNER,NA,NA
Rav,Rav Bansal,28,Student support,Erith,7,1,8,IN,Ginger Spice Yuzu Drizzle Cake,Colombian Mocha Mirror Glaze Cake
Rav,Rav Bansal,28,Student support,Erith,7,2,6,IN,Union Jack Bunting Biscuits,Gingerbread Christmas Fairground
Rav,Rav Bansal,28,Student support,Erith,7,3,10,IN,"Chocolate, Cardamom and Hazelnut Loaf",Three Tier Diwali Bread Centrepiece
Rav,Rav Bansal,28,Student support,Erith,7,4,9,IN,Thai Tofu Panang Yorkshires,Three Dip Matcha Pistachio Churros
Rav,Rav Bansal,28,Student support,Erith,7,5,8,IN,"Cinnamon Swirls and Pecan, Walnut and Maple Plaits",Chinese Style Prawn Filo Tartlets and Spiced White Chocolate and Hazelnut Samosas
Rav,Rav Bansal,28,Student support,Erith,7,6,3,OUT,Mandarin Margarita Meringue Pie,Blossom Cake
Richard,Richard Burr,38,Builder,"Mill Hill, London",5,1,10,IN,Pistachio and Strawberry Swiss Roll,Miniature Coffee & Walnut Cakes
Richard,Richard Burr,38,Builder,"Mill Hill, London",5,2,1,STAR BAKER,Rosemary Seeded Crackers,Pirates!
Richard,Richard Burr,38,Builder,"Mill Hill, London",5,3,6,IN,Rye and Cranberry Rolls,Pesto Pinwheel
Richard,Richard Burr,38,Builder,"Mill Hill, London",5,4,5,STAR BAKER,Black Forest Chocolate Fondants,Tiramisu Baked Alaska
Richard,Richard Burr,38,Builder,"Mill Hill, London",5,5,7,IN,Fig and Orange Tart,Three Course Autumn Pie Feast
Richard,Richard Burr,38,Builder,"Mill Hill, London",5,6,5,IN,Fruity Guglhupf with an Orange Glaze,Sugar Forest Dobos Torte
Richard,Richard Burr,38,Builder,"Mill Hill, London",5,7,1,STAR BAKER,Minted Lamb Pasties,"Stair of Éclairs
(Lavender and Blueberry & Rose and Raspberry Éclairs)"
Richard,Richard Burr,38,Builder,"Mill Hill, London",5,8,4,STAR BAKER,Fruit Swedish Tea Ring,Rhubarb and Custard and Toffee Apple Doughnuts
Richard,Richard Burr,38,Builder,"Mill Hill, London",5,9,2,STAR BAKER,Rose and Pistachio BaklavaWalnut and Almond Baklava,Hazelnut Mocha EntremetsPink Grapefruit Entremets
Richard,Richard Burr,38,Builder,"Mill Hill, London",5,10,3,Runner-up,Pear Pain au ChocolatPain Au Lait,Mill on the Hill
Robert,Robert Billington,25,Photographer,London,2,1,3,IN,Blackberry and Vanilla Cupcakeswith Liquorice Frosting,Genoise Layered Mousse Cakewith Chocolate Ganache
Robert,Robert Billington,25,Photographer,London,2,2,5,IN,Smoked Bacon and Kale Quiche,"Chocolate, Fennel and Ginger TartAlmond, Creme Patissiere and Poached Pear Tart"
Robert,Robert Billington,25,Photographer,London,2,3,4,IN,Rye and Coriander Seed Loaf,Blueberry Brioche RollsLemon and Poppy Seed Rolls
Robert,Robert Billington,25,Photographer,London,2,4,7,IN,Chocolate and Ginger Oat Biscuits,Strawberry and Lime MacaronsLemon MacaronsChocolate and Cardamom Macarons
Robert,Robert Billington,25,Photographer,London,2,5,3,OUT,Chicken and Mushroom Pie,Rhubarb and Custard Meringue Pie
Robert,Robert Smart,54,Space Satellite Designer,"Melbourn, Cambridgeshire",4,1,1,STAR BAKER,Pecan and Apple Cake,Raspberry Chocolate Cake
Robert,Robert Smart,54,Space Satellite Designer,"Melbourn, Cambridgeshire",4,2,5,IN,Twisty Rye Bread Sticks,Tribute Loaf
Robert,Robert Smart,54,Space Satellite Designer,"Melbourn, Cambridgeshire",4,3,2,IN,Rhubarb and Orange Trifle,Almond FriandsTurǫn Macaroons
Robert,Robert Smart,54,Space Satellite Designer,"Melbourn, Cambridgeshire",4,4,3,IN,Apple and Pear Pie with Thyme,Spanakopita with St George's Mushrooms
Robert,Robert Smart,54,Space Satellite Designer,"Melbourn, Cambridgeshire",4,5,4,OUT,Blueberry & Orange Traybake,Dalek
Rosie,Rosie Brandreth-Poynter,28,Veterinary surgeon,Somerset,10,1,2,IN,NA,NA
Rosie,Rosie Brandreth-Poynter,28,Veterinary surgeon,Somerset,10,2,5,IN,NA,NA
Rosie,Rosie Brandreth-Poynter,28,Veterinary surgeon,Somerset,10,3,9,IN,NA,NA
Rosie,Rosie Brandreth-Poynter,28,Veterinary surgeon,Somerset,10,4,4,IN,NA,NA
Rosie,Rosie Brandreth-Poynter,28,Veterinary surgeon,Somerset,10,5,5,IN,NA,NA
Rosie,Rosie Brandreth-Poynter,28,Veterinary surgeon,Somerset,10,6,5,IN,NA,NA
Rosie,Rosie Brandreth-Poynter,28,Veterinary surgeon,Somerset,10,7,1,IN,NA,NA
Rosie,Rosie Brandreth-Poynter,28,Veterinary surgeon,Somerset,10,8,2,IN,NA,NA
Rosie,Rosie Brandreth-Poynter,28,Veterinary surgeon,Somerset,10,9,1,OUT,NA,NA
Ruby,Ruby Tandoh,20,History of Art and Philosophy Student,"Southend, Essex",4,1,12,IN,Rhubarb and Custard Sandwich Cake,Chocolate and Ginger Night Sky Cake
Ruby,Ruby Tandoh,20,History of Art and Philosophy Student,"Southend, Essex",4,2,3,STAR BAKER,Mexican Breadsticks,White Chocolate and Orange Peacock Bread
Ruby,Ruby Tandoh,20,History of Art and Philosophy Student,"Southend, Essex",4,3,3,IN,Desert Island Trifle,Lemon Shortbread and White Chocolate SeashellsBlackberry and Chocolate Layer Cakes
Ruby,Ruby Tandoh,20,History of Art and Philosophy Student,"Southend, Essex",4,4,6,IN,Apple and Marzipan Pie,"Rose, Almond and Raspberry Filo Pie"
Ruby,Ruby Tandoh,20,History of Art and Philosophy Student,"Southend, Essex",4,5,6,IN,Blackberry and Lemon Bakewell Slice,'Dropped Ice-Cream' Biscuit Centrepiece
Ruby,Ruby Tandoh,20,History of Art and Philosophy Student,"Southend, Essex",4,6,1,STAR BAKER,Citrus Tea Loaf,Twisted Swedish KanelbullarSaffron St. Lucia Buns
Ruby,Ruby Tandoh,20,History of Art and Philosophy Student,"Southend, Essex",4,7,2,IN,Plum Jam Roly-Polywith Ginger Ice cream,Raspberry and Passion Fruit Mille-feuilleCaramelised Apple LatticePortuguese Custard Tarts
Ruby,Ruby Tandoh,20,History of Art and Philosophy Student,"Southend, Essex",4,8,1,STAR BAKER,Mango and Nigella Seed Spelt Cob,Carrot Cake and Pistachio Garden Plot
Ruby,Ruby Tandoh,20,History of Art and Philosophy Student,"Southend, Essex",4,9,4,IN,"Beetroot Jelly on Poppy Seed BiscuitsSpinach, Parmesan and Egg TartletsChoux Buns with Goat's Cheese and Caramelised Onions","Chocolate, Almond Praline and Saffron Opera Cake"
Ruby,Ruby Tandoh,20,History of Art and Philosophy Student,"Southend, Essex",4,10,2,Runner-up,Picnic Basket Pie,"Raspberry, Lemon and Passion Fruit Wedding Cake"
Ruby,Ruby Bhogal,29,Project manager,London,9,1,1,IN,NA,NA
Ruby,Ruby Bhogal,29,Project manager,London,9,2,10,IN,NA,NA
Ruby,Ruby Bhogal,29,Project manager,London,9,3,7,IN,NA,NA
Ruby,Ruby Bhogal,29,Project manager,London,9,4,2,IN,NA,NA
Ruby,Ruby Bhogal,29,Project manager,London,9,5,1,IN,NA,NA
Ruby,Ruby Bhogal,29,Project manager,London,9,6,7,IN,NA,NA
Ruby,Ruby Bhogal,29,Project manager,London,9,7,3,IN,NA,NA
Ruby,Ruby Bhogal,29,Project manager,London,9,8,3,STAR BAKER,NA,NA
Ruby,Ruby Bhogal,29,Project manager,London,9,9,1,STAR BAKER,NA,NA
Ruby,Ruby Bhogal,29,Project manager,London,9,10,3,Runner-up,NA,NA
Ruth,Ruth Clemens,31,Retail manager/Housewife,"Poynton, Cheshire",1,1,NA,IN,Three Tiered Lemon Drizzle Cakewith Fresh Cream and freshly made Lemon Curd,Classic Chocolate Sponge wrapped in a Chocolate Collartopped with Handmade White and Dark Chocolate Truffles
Ruth,Ruth Clemens,31,Retail manager/Housewife,"Poynton, Cheshire",1,2,5,IN,Peanut Shortbread withSalted Peanut Caramel,Almond Macaron with Violet ButtercreamRaspberries and Cream Eclairs
Ruth,Ruth Clemens,31,Retail manager/Housewife,"Poynton, Cheshire",1,3,2,IN,Maple and Pecan Bread,"Chocolate and Orange Panettone
Cranberry Bagels"
Ruth,Ruth Clemens,31,Retail manager/Housewife,"Poynton, Cheshire",1,4,4,IN,Peach and Blueberry Boy Bait,"Apple & Ginger Crumble, Rhubarb Suet Crust, Cherry Queen of Puddings"
Ruth,Ruth Clemens,31,Retail manager/Housewife,"Poynton, Cheshire",1,5,3,IN,Minced Beef Pie,"Raspberry and Dark Chocolate Tart  Creme Patisserie and Cherry Tart  Citrus Curd Tart with Creme Brulee top  Tomato, Asparagus Twirl Canapés"
Ruth,Ruth Clemens,31,Retail manager/Housewife,"Poynton, Cheshire",1,6,NA,Runner-up,"Mint, Ginger and Blackberry Cake",NA
Ryan,Ryan Chong,38,Photographer,Bristol,3,1,8,IN,Kumquat and Orange Polenta,Hidden Flowerbed Mousse Cake
Ryan,Ryan Chong,38,Photographer,Bristol,3,2,5,IN,Shanghai Spring Onion FlatbreadsGarlic and Coriander Naan,"Cinnamon and Date Bagels
Tarragon and Rosemary Bagels"
Ryan,Ryan Chong,38,Photographer,Bristol,3,3,5,IN,Spiced Pear Tarte Tatin,NA
Ryan,Ryan Chong,38,Photographer,Bristol,3,4,7,IN,Green Tea Opera Torte,"Strawberry, Rose and Pistachio Meringue"
Ryan,Ryan Chong,38,Photographer,Bristol,3,5,8,STAR BAKER,Curry Spiced Seabass Wellington,Key Lime Pie
Ryan,Ryan Chong,38,Photographer,Bristol,3,6,6,IN,Chocolate FondantsSticky Ginger and Date Puddings,"Apple, Sour Cherry, Raisin and Mixed Nuts Strudel"
Ryan,Ryan Chong,38,Photographer,Bristol,3,7,6,OUT,Lardy Cakes,Char Siu Bao
Sandy,Sandy Docherty,49,Child welfare officer,"Yeadon, West Yorkshire",6,1,9,IN,Madeira Cake with Almond Liqueur and Chopped Apricots,Black Forest Gâteau
Sandy,Sandy Docherty,49,Child welfare officer,"Yeadon, West Yorkshire",6,2,4,IN,Chocolate Chunk and Hazelnut Biscotti,Sundried Tomato Cheese Biscuit Box
Sandy,Sandy Docherty,49,Child welfare officer,"Yeadon, West Yorkshire",6,3,7,IN,Soda Breads with Smoked Bacon and Onion,Basket of Bread Flowers with a Walnut and Blue Cheese Centre
Sandy,Sandy Docherty,49,Child welfare officer,"Yeadon, West Yorkshire",6,4,6,OUT,Pontefract Crème Brûlées,"Cassata, Whisky and Orange & Apple Pie Cheesecakes"
Sarah-Jane,Sarah-Jane Willis,28,Vicar's wife,"Bewbush, West Sussex",3,1,1,IN,"Pear, Chocolate and Hazelnut",Hidden Crown Cake
Sarah-Jane,Sarah-Jane Willis,28,Vicar's wife,"Bewbush, West Sussex",3,2,10,IN,Toasted Coconut and Lime RotisOatcakes,NA
Sarah-Jane,Sarah-Jane Willis,28,Vicar's wife,"Bewbush, West Sussex",3,3,8,IN,Caramelised Banana Tarte Tatin,French Apple Tart with Blackberry and Cassis Jam
Sarah-Jane,Sarah-Jane Willis,28,Vicar's wife,"Bewbush, West Sussex",3,4,4,IN,Chocolate and Almond Truffle Torte,Hazelnut Tiramisu Layered Meringue
Sarah-Jane,Sarah-Jane Willis,28,Vicar's wife,"Bewbush, West Sussex",3,5,4,IN,Beef Wellington with Parma Ham and Gorgonzola Cheese,Chocolate and Banana Cream Pie
Sarah-Jane,Sarah-Jane Willis,28,Vicar's wife,"Bewbush, West Sussex",3,6,4,IN,Sticky Toffee PuddingsGranny's Saucy Lemon Puddings,Sweet Strudel with Sour Cherries
Sarah-Jane,Sarah-Jane Willis,28,Vicar's wife,"Bewbush, West Sussex",3,7,7,OUT,"Orange, Nutmeg and Saffron Buns",Sour Cherry and Dark Chocolate Christmas Plait
Selasi,Selasi Gbormittah,30,Client service associate,London,7,1,1,IN,Citrus and Spice Drizzle Cake,"Raspberry, Sloe and White Chocolate Mirror Glaze Cake"
Selasi,Selasi Gbormittah,30,Client service associate,London,7,2,11,IN,"""Wheelie Hot Iced Biscuits""",Stained Glass Window Gingerbread Church
Selasi,Selasi Gbormittah,30,Client service associate,London,7,3,5,IN,"Chocolate, Orange and Cinnamon Bread",Bedouin Escape Tear and Share Bread
Selasi,Selasi Gbormittah,30,Client service associate,London,7,4,8,IN,Perfect Sunday Roast Accompaniment,Lemon and Anise Churros
Selasi,Selasi Gbormittah,30,Client service associate,London,7,5,3,IN,"Rhubarb, Mango and Ginger Plait, and Pineapple and Coconut Pinwheels","Parma Ham, Asparagus and Cheese Filo Cigars and Coffee Cream Filo Cups"
Selasi,Selasi Gbormittah,30,Client service associate,London,7,6,7,IN,"Grapefruit, Orange and Mint Meringue Pie",Three Tiered Ombré Floral Cake
Selasi,Selasi Gbormittah,30,Client service associate,London,7,7,6,IN,Summer Picnic Roulade,"Lemon, Strawberry and Passionfruit and Chocolate and Mint Mini Mousse Cakes"
Selasi,Selasi Gbormittah,30,Client service associate,London,7,8,3,IN,Bouquet of Flowers,Fruity Tudor Marchpane
Selasi,Selasi Gbormittah,30,Client service associate,London,7,9,4,OUT,"Sundried Tomato, Onion, Peppers and Parmesan Palmiers and Salmon, Spinach and Mushroom Palmiers",Lime and Ginger Fondant Fancies and Pink Velvet and Raspberry Prosecco Fondant Fancies
Simon,Simon Blackwell,31,Rugby Coach,Norfolk,2,1,9,IN,Guinness and Chocolate Cupcakes,Two-Tiered Chocolate Courgette Cake
Simon,Simon Blackwell,31,Rugby Coach,Norfolk,2,2,11,OUT,Smoked Haddock and Watercress Quiche,"Passion Fruit and Ricotta TartsSalted Chocolate, Stem Ginger and Mascarpone Cream Tarts"
Sophie,Sophie Faldo,33,Former army officer and trainee stuntwoman,"West Molesey, Surrey",8,1,5,IN,Pineapple and Coconut Sandwich Cake,'Champagne Bottle and Bucket' Cake
Sophie,Sophie Faldo,33,Former army officer and trainee stuntwoman,"West Molesey, Surrey",8,2,2,IN,Lemon Limoncino Sandwich Biscuits,'Snakes and Ladders' Game
Sophie,Sophie Faldo,33,Former army officer and trainee stuntwoman,"West Molesey, Surrey",8,3,6,IN,Tagine Teacakes,'Picnic Basket' Bread Sculpture
Sophie,Sophie Faldo,33,Former army officer and trainee stuntwoman,"West Molesey, Surrey",8,4,4,IN,Jaffa Millionaire Shortbreads,Bird's Nest Caramel Cake
Sophie,Sophie Faldo,33,Former army officer and trainee stuntwoman,"West Molesey, Surrey",8,5,1,STAR BAKER,"Ginger, Fig and Honey Steamed School Pudding","Raspberry, Yuzu & White Chocolate Bûche Trifle Terrine"
Sophie,Sophie Faldo,33,Former army officer and trainee stuntwoman,"West Molesey, Surrey",8,6,2,IN,'The Four Seasons' Decorative Pies,Game Pie with Glazed Forest Fruits
Sophie,Sophie Faldo,33,Former army officer and trainee stuntwoman,"West Molesey, Surrey",8,7,3,IN,'Classics with a Twist' Cannoli,'Classics' Sfogliatelle
Sophie,Sophie Faldo,33,Former army officer and trainee stuntwoman,"West Molesey, Surrey",8,8,4,IN,Char Siu & Banana Praline Bedfordshire Clangers,Citrus with Green Apple Croquembouche Savoy Cake
Sophie,Sophie Faldo,33,Former army officer and trainee stuntwoman,"West Molesey, Surrey",8,9,1,STAR BAKER,Strawberry & Rhubarb and Chestnut & Vanilla Choux Buns,'Tutu with Opera Filling' Meringue Centrepiece
Sophie,Sophie Faldo,33,Former army officer and trainee stuntwoman,"West Molesey, Surrey",8,10,2,WINNER,"Spelt Boules, Mushroom Ciabatta and Orange Plaited Brioche",'Ode to the Honey Bee' Entremet
Stacey,Stacey Hart,42,Former school teacher,"Radlett, Hertfordshire",8,1,11,IN,Granny Smith Apple and Walnut Cake,'Black Evening Clutch Bag' Cake
Stacey,Stacey Hart,42,Former school teacher,"Radlett, Hertfordshire",8,2,9,IN,Sparkly Chocolate and Marshmallow Fluff Cookies,'Get to School' Game
Stacey,Stacey Hart,42,Former school teacher,"Radlett, Hertfordshire",8,3,1,IN,Cranberry and Cinnamon Teacakes,'Ascot Hat' Bread Sculpture
Stacey,Stacey Hart,42,Former school teacher,"Radlett, Hertfordshire",8,4,1,IN,Rum Salted Caramel Millionaire Shortbreads,Chocolate and Coffee Caramel Cake
Stacey,Stacey Hart,42,Former school teacher,"Radlett, Hertfordshire",8,5,4,IN,Bakewell Tart Steamed School Pudding,Tropical Trifle Terrine
Stacey,Stacey Hart,42,Former school teacher,"Radlett, Hertfordshire",8,6,6,IN,'Love Theme' Decorative Pies,Indian Hand Raised Pie with Mango
Stacey,Stacey Hart,42,Former school teacher,"Radlett, Hertfordshire",8,7,4,IN,My All Time Favourite Desserts,Pastry Surprise
Stacey,Stacey Hart,42,Former school teacher,"Radlett, Hertfordshire",8,8,3,STAR BAKER,Camembert & Onion and Apple & Blueberry Bedfordshire Clangers,'Bright' Lemon & Orange Savoy Cake
Stacey,Stacey Hart,42,Former school teacher,"Radlett, Hertfordshire",8,9,2,OUT,'Choux-nicorn and Choux-moji' Choux Buns,'Flamingos in Love' Meringue Centrepiece
Steph,Steph Blackwell,28,Shop assistant,Chester,10,1,3,IN,NA,NA
Steph,Steph Blackwell,28,Shop assistant,Chester,10,2,10,IN,NA,NA
Steph,Steph Blackwell,28,Shop assistant,Chester,10,3,3,IN,NA,NA
Steph,Steph Blackwell,28,Shop assistant,Chester,10,4,1,STAR BAKER,NA,NA
Steph,Steph Blackwell,28,Shop assistant,Chester,10,5,4,STAR BAKER,NA,NA
Steph,Steph Blackwell,28,Shop assistant,Chester,10,6,3,STAR BAKER,NA,NA
Steph,Steph Blackwell,28,Shop assistant,Chester,10,7,4,IN,NA,NA
Steph,Steph Blackwell,28,Shop assistant,Chester,10,8,4,STAR BAKER,NA,NA
Steph,Steph Blackwell,28,Shop assistant,Chester,10,9,3,IN,NA,NA
Steph,Steph Blackwell,28,Shop assistant,Chester,10,10,3,Runner-up,NA,NA
Steven,Steven Carter-Bailey,34,Marketer,"Watford, Hertfordshire",8,1,6,STAR BAKER,Bonfire Night Cake,'A Baker's Lunch' Cake
Steven,Steven Carter-Bailey,34,Marketer,"Watford, Hertfordshire",8,2,6,STAR BAKER,Amarpressi Biscuits,'Check Bake' Game
Steven,Steven Carter-Bailey,34,Marketer,"Watford, Hertfordshire",8,3,3,IN,Madras Cocktail Teacakes,'The Bag I Knead' Bread Sculpture
Steven,Steven Carter-Bailey,34,Marketer,"Watford, Hertfordshire",8,4,7,IN,Orange Macadamia Nut Millionaire Shortbreads,Caramel Crown Cake
Steven,Steven Carter-Bailey,34,Marketer,"Watford, Hertfordshire",8,5,5,IN,Lemon & Blackcurrant Drizzle Steamed School Pudding,'From Across the Jelly Pond' Trifle Terrine
Steven,Steven Carter-Bailey,34,Marketer,"Watford, Hertfordshire",8,6,3,IN,'Fleetwood Mac' Decorative Pies,Christmas Pie
Steven,Steven Carter-Bailey,34,Marketer,"Watford, Hertfordshire",8,7,1,STAR BAKER,Italian Style Cannoli,'Sicilian-style' Sfogliatelle
Steven,Steven Carter-Bailey,34,Marketer,"Watford, Hertfordshire",8,8,1,IN,'Mediterranean Medley' Bedfordshire Clangers,Chestnut Rum Savoy Cake
Steven,Steven Carter-Bailey,34,Marketer,"Watford, Hertfordshire",8,9,3,IN,Key Lime Cheesecake and Bakewell Tart Choux Buns,'Some Air Over the Rainbow' Meringue Centrepiece
Steven,Steven Carter-Bailey,34,Marketer,"Watford, Hertfordshire",8,10,1,Runner-up,"Spelt & Rye, Toasted Garlic & Fontina and Sweet Chocolate Breads",'Yin Yang' Entremet
Stu,Stu Henshall,35,Professional musician,"Guildford, Surrey",6,1,11,OUT,Marley Madeira Cake,Purple Forest Gâteau
Stuart,Stuart Marston-Smith,26,PE teacher,"Lichfield, Staffordshire",3,1,9,IN,Tomato and Ginger,Lemon and Pistachio Union Flag Cake
Stuart,Stuart Marston-Smith,26,PE teacher,"Lichfield, Staffordshire",3,2,9,IN,Bombay BreadChorizo and Spring Onion Naan,"Cinnamon and Cranberry Bagels
Tomato and Thyme Bagels"
Stuart,Stuart Marston-Smith,26,PE teacher,"Lichfield, Staffordshire",3,3,7,IN,Pear and Almond Tarte Tatin,Raspberry Triple Chocolate Layered Tart
Stuart,Stuart Marston-Smith,26,PE teacher,"Lichfield, Staffordshire",3,4,8,OUT,Black Forest Torte,Choca Blocka Mocha Meringue
Tamal,Tamal Ray,29,Trainee anaesthetist,Manchester,6,1,4,IN,Pistachio and Rose Madeira Cake,Black Forest Gâteau in a Chocolate Shell
Tamal,Tamal Ray,29,Trainee anaesthetist,Manchester,6,2,8,IN,"Cinnamon, Maple and Cranberry Biscotti",Chessboard Box
Tamal,Tamal Ray,29,Trainee anaesthetist,Manchester,6,3,3,IN,"Fig, Cheese and Walnut Breads",Breadcycle
Tamal,Tamal Ray,29,Trainee anaesthetist,Manchester,6,4,5,IN,Rhubarb and Ginger Crème Brûlées,"Mango, Hazelnut and Rosemary Cheesecake Trio"
Tamal,Tamal Ray,29,Trainee anaesthetist,Manchester,6,5,7,IN,Honey and Grapefruit Polenta Cake,Passion Fruit and Pineapple Ice Cream Roll
Tamal,Tamal Ray,29,Trainee anaesthetist,Manchester,6,6,7,IN,Spiced Pear Frangipane Tart,Fennel and Rosemary Pulled Pork and Chicken and Coriander vol-au-vents
Tamal,Tamal Ray,29,Trainee anaesthetist,Manchester,6,7,3,STAR BAKER,Middle Eastern Game Pie,"Spiced Blackberry, Raspberry and Cardamom Charlotte Russe"
Tamal,Tamal Ray,29,Trainee anaesthetist,Manchester,6,8,4,IN,Lime & Mascarpone and Malt Cream Horns,Passionfruit & Mango and Pistachio & Raspberry Religieuse à l'ancienne
Tamal,Tamal Ray,29,Trainee anaesthetist,Manchester,6,9,2,IN,Chocolate New York Pie,Chocolate Bell Tower
Tamal,Tamal Ray,29,Trainee anaesthetist,Manchester,6,10,3,Runner-up,Cinnamon and Apple & Toffee and Marmalade Iced Buns,Sticky Toffee Pudding Cake
Terry,Terry Hartill,56,Retired air steward,West Midlands,9,1,9,IN,NA,NA
Terry,Terry Hartill,56,Retired air steward,West Midlands,9,2,8,IN,NA,NA
Terry,Terry Hartill,56,Retired air steward,West Midlands,9,3,1,IN,NA,NA
Terry,Terry Hartill,56,Retired air steward,West Midlands,9,4,NA,[a],NA,NA
Terry,Terry Hartill,56,Retired air steward,West Midlands,9,5,8,OUT,NA,NA
Toby,Toby Waterworth,30,Web Programmer,"Reading, Berkshire",4,1,13,OUT,Spiced and Iced Carrot Cake,Two Tiered Chocolate Cake
Tom,Tom Gilliford,26,Project engagement manager,Rochdale,7,1,2,IN,G&T Drizzle Cake,Black Forest Broken Mirror
Tom,Tom Gilliford,26,Project engagement manager,Rochdale,7,2,7,IN,Chai Frappelatteccino Biscuits,Tom and Pod's Near Death Experience
Tom,Tom Gilliford,26,Project engagement manager,Rochdale,7,3,4,STAR BAKER,Chocolate Orange and Chilli Swirl Bread,Jörmungandr and Mjölnir
Tom,Tom Gilliford,26,Project engagement manager,Rochdale,7,4,5,IN,West Yorkshire Fusion Puddings,Fennel Churros Snake In The Grass
Tom,Tom Gilliford,26,Project engagement manager,Rochdale,7,5,4,IN,Mega Breakfast Bonanzas; Granola Spirals and Wheat Foldovers,Yin and Yang Amuse-bouche
Tom,Tom Gilliford,26,Project engagement manager,Rochdale,7,6,1,STAR BAKER,Blood Orange Halloween Pumpkin Pie,Floral Tea Cake
Tom,Tom Gilliford,26,Project engagement manager,Rochdale,7,7,5,OUT,Millionaire's Roulade,Hipster Picnic
Tom,Tom Hetherington,29,Architect,Edinburgh,8,1,7,IN,Gilded Pear and Cardamom Cake,'Stack of Books' Cake
Tom,Tom Hetherington,29,Architect,Edinburgh,8,2,5,IN,Coffee and Amaretto Kisses,'Drain Pipes and Ladders' Game
Tom,Tom Hetherington,29,Architect,Edinburgh,8,3,4,IN,Orange and Cranberry Teacakes,'Pink & Yellow Rose Centrepiece' Bread Sculpture
Tom,Tom Hetherington,29,Architect,Edinburgh,8,4,5,OUT,Stem Ginger Caramel Shortbreads,Hummingbird Cake
Ugnė,Ugnė Bubnaityte,32,PA and administrator,"Woodford, London / Vilkaviškis, Lithuania",6,1,1,IN,Lemon and Thyme Madeira Cake,Falling Cup Gâteau
Ugnė,Ugnė Bubnaityte,32,PA and administrator,"Woodford, London / Vilkaviškis, Lithuania",6,2,7,IN,White Wine Biscotti,Baby Climbing into the Cookie Box
Ugnė,Ugnė Bubnaityte,32,PA and administrator,"Woodford, London / Vilkaviškis, Lithuania",6,3,5,IN,Chocolate Quick Breads with Salted Caramel Sauce,Easter Basket
Ugnė,Ugnė Bubnaityte,32,PA and administrator,"Woodford, London / Vilkaviškis, Lithuania",6,4,2,IN,Marula Fruit and Coffee Liqueur Crème Brûlées,"Lime, Coconut and Hazelnut Cheesecakes"
Ugnė,Ugnė Bubnaityte,32,PA and administrator,"Woodford, London / Vilkaviškis, Lithuania",6,5,6,OUT,Chocolate and Hazelnut Sugar-Free Cake,"Chocolate, Peanut Butter and Grape Jam Roll"
Urvashi,Urvashi Roe,40,Head of Marketing,"Enfield, London",2,1,7,IN,Cherry Blossom CupcakesJapanese Lime Cupcakes,NA
Urvashi,Urvashi Roe,40,Head of Marketing,"Enfield, London",2,2,7,IN,"Crab, Coriander and Coconut Quiche",Strawberry and Basil TartsElderflower and Honeycomb Tarts
Urvashi,Urvashi Roe,40,Head of Marketing,"Enfield, London",2,3,9,OUT,Salt and Peppercorn Loaf,Chilli and Halloumi RollsLemon and Coriander Mini Loaves
Val,Val Stones,66,"Semi-retired, Substitute teacher",Yeovil,7,1,10,IN,Mum's Orange and Lemon Drizzle,Chocolate Sponge with Four Fruit Frosting
Val,Val Stones,66,"Semi-retired, Substitute teacher",Yeovil,7,2,5,IN,Sunday Treat Iced Ice Cream Cone Biscuits,From Holland to New York via Yorkshire
Val,Val Stones,66,"Semi-retired, Substitute teacher",Yeovil,7,3,1,IN,Double Chocolate Cinnamon Twist Loaf,"""And They All Went Into The Ark To Get Out Of The Rain"""
Val,Val Stones,66,"Semi-retired, Substitute teacher",Yeovil,7,4,6,IN,Mum's Chilli Yorkshire Puddings,Orange Chocolate Churros
Val,Val Stones,66,"Semi-retired, Substitute teacher",Yeovil,7,5,7,OUT,"Pecan and Maple Syrup Pinwheels and Apple, Sultana and Cinnamon Swirls","Caramelised Red Onion, Goats Cheese Tartlets and Mincemeat and Apple Spiced Parcels"
Victoria,Victoria Chester,50,CEO of the charity Plantlife,Somerset,3,1,4,STAR BAKER,Pear and Pecan,Blackbird Pie Cake
Victoria,Victoria Chester,50,CEO of the charity Plantlife,Somerset,3,2,7,IN,Coriander and Lemon NaanGarlic and Parsnip Chapatis,"Saffron and Golden Raisin Bagels
Porcini Bagels"
Victoria,Victoria Chester,50,CEO of the charity Plantlife,Somerset,3,3,4,OUT,"Fig, Walnut and Pink Peppercorn Tarte Tatin",Tropical Fruit Tart with Black Pepper Crust
Yan,Yan Tsou,46,Laboratory research scientist,North London,8,1,4,IN,Windfall Apple Crumble Cake,'Banana-ramen' Cake
Yan,Yan Tsou,46,Laboratory research scientist,North London,8,2,1,IN,'Mrs. Marian's PB 'n' B' Biscuits,'Adventures in Bakeland' Game
Yan,Yan Tsou,46,Laboratory research scientist,North London,8,3,8,IN,'Mrs P's' Masala Chai Spiced Teacakes,'Basil the Vegetarian Dragon with his Pumpkin Hoard' Bread Sculpture
Yan,Yan Tsou,46,Laboratory research scientist,North London,8,4,8,IN,'Lil' Red's Ginger and Nuts' Millionaire Shortbreads,Animals of the Rainforest Caramel Cake
Yan,Yan Tsou,46,Laboratory research scientist,North London,8,5,6,IN,Mango Fruit Hat Steamed School Pudding,'Heart of a Hero' Trifle Terrine
Yan,Yan Tsou,46,Laboratory research scientist,North London,8,6,1,IN,'πr2' Decorative Pies,Chequerboard Pie
Yan,Yan Tsou,46,Laboratory research scientist,North London,8,7,5,OUT,Cannoli Cocktails,Canadian-Style Sfogliatelle
Yasmin,Yasmin Limbert,43,Childminder,"West Kirby, The Wirral",2,1,5,IN,Cardamom and Pomegranate Cupcakes,NA
Yasmin,Yasmin Limbert,43,Childminder,"West Kirby, The Wirral",2,2,6,IN,Smoked Haddock and Watercress Quiche,Chocolate and Orange with Cinnamon-Orange Pastry TartsBlueberry and Hazelnut with Hazelnut Pastry Tarts
Yasmin,Yasmin Limbert,43,Childminder,"West Kirby, The Wirral",2,3,2,STAR BAKER,Egyptian Dukkah Loaf with Mixed Spices,"Pesto Bread
Sweet Coconut Rolls"
Yasmin,Yasmin Limbert,43,Childminder,"West Kirby, The Wirral",2,4,6,IN,Chocolate Chip and Pistachio Biscotti,Chocolate and Lime MacaronsCoffee and Walnut MacaronsPineapple and Coconut Macarons
Yasmin,Yasmin Limbert,43,Childminder,"West Kirby, The Wirral",2,5,5,IN,Family Fish Pie,Peach and Raspberry Meringue Pie
Yasmin,Yasmin Limbert,43,Childminder,"West Kirby, The Wirral",2,6,2,OUT,Baked Amaretto Cheesecake,Rose Croquembouche
